LEAF 1 21504 22016 1024000 256000 258304 768000 nodes 33895 cap 0.94535499999999999854
JOB 1 PROVED
LEAF 0 21504 22016 1024000 256000 258304 768000 nodes 23451 cap 0.869374999999999998637
JOB 0 PROVED
LEAF 3 21504 22016 1024000 256000 258304 768000 nodes 185335 cap 0.998319999999999998467
JOB 3 PROVED
LEAF 2 21504 22016 1024000 256000 258304 768000 nodes 109961 cap 0.997894999999999998437
JOB 2 PROVED
LEAF 4 21504 22016 1024000 256000 258304 768000 nodes 161155 cap 1.04573499999999999842
JOB 4 PROVED
LEAF 6 21504 22016 1024000 256000 258304 768000 nodes 275947 cap 1.01529999999999999829
JOB 6 PROVED
LEAF 5 21504 22016 1024000 256000 258304 768000 nodes 226939 cap 1.03759999999999999834
JOB 5 PROVED
LEAF 8 21504 22016 1024000 256000 258304 768000 nodes 419787 cap 1.03782999999999999829
JOB 8 PROVED
LEAF 10 21504 22016 1024000 256000 258304 768000 nodes 80657 cap 0.991209999999999998467
JOB 10 PROVED
LEAF 11 21504 22016 1024000 256000 258304 768000 nodes 51757 cap 0.919029999999999998556
JOB 11 PROVED
LEAF 7 21504 22016 1024000 256000 258304 768000 nodes 293055 cap 0.978619999999999998512
JOB 7 PROVED
LEAF 14 21504 22016 1024000 256000 258304 768000 nodes 64375 cap 0.945629999999999998502
JOB 14 PROVED
LEAF 9 21504 22016 1024000 256000 258304 768000 nodes 326957 cap 1.00953999999999999836
JOB 9 PROVED
LEAF 13 21504 21760 1024000 256000 258304 768000 nodes 251205 cap 0.914239999999999998515
LEAF 15 21504 22016 1024000 256000 258304 768000 nodes 41733 cap 0.913319999999999998595
JOB 15 PROVED
LEAF 12 21504 22016 1024000 256000 258304 768000 nodes 184809 cap 0.942119999999999998512
JOB 12 PROVED
LEAF 13 21760 22016 1024000 256000 258304 768000 nodes 259963 cap 0.916599999999999998525
JOB 13 PROVED
LEAF 19 21504 22016 1024000 256000 258304 768000 nodes 15013 cap 0.984119999999999998464
JOB 19 PROVED
LEAF 20 21504 22016 1024000 256000 258304 768000 nodes 16289 cap 1.01509999999999999841
JOB 20 PROVED
LEAF 21 21504 22016 1024000 256000 258304 768000 nodes 6743 cap 0.989349999999999998467
JOB 21 PROVED
LEAF 22 21504 22016 1024000 256000 258304 768000 nodes 6233 cap 0.951359999999999998515
JOB 22 PROVED
LEAF 23 21504 22016 1024000 256000 258304 768000 nodes 4547 cap 0.945169999999999998488
JOB 23 PROVED
LEAF 24 21504 22016 1024000 256000 258304 768000 nodes 4225 cap 1.00697999999999999836
JOB 24 PROVED
LEAF 25 21504 22016 1024000 256000 258304 768000 nodes 3049 cap 0.98505999999999999849
JOB 25 PROVED
LEAF 26 21504 22016 1024000 256000 258304 768000 nodes 2381 cap 0.966099999999999998525
JOB 26 PROVED
LEAF 27 21504 22016 1024000 256000 258304 768000 nodes 1473 cap 0.957139999999999998551
JOB 27 PROVED
LEAF 28 21504 22016 1024000 256000 258304 768000 nodes 2139 cap 0.964519999999999998501
JOB 28 PROVED
LEAF 29 21504 22016 1024000 256000 258304 768000 nodes 1629 cap 0.974039999999999998534
JOB 29 PROVED
LEAF 30 21504 22016 1024000 256000 258304 768000 nodes 1635 cap 0.968469999999999998507
JOB 30 PROVED
LEAF 31 21504 22016 1024000 256000 258304 768000 nodes 1347 cap 0.96239999999999999847
JOB 31 PROVED
LEAF 32 21504 22016 1024000 256000 258304 768000 nodes 161155 cap 1.04573499999999999842
JOB 32 PROVED
LEAF 18 21504 22016 1024000 256000 258304 768000 nodes 116651 cap 1.01698999999999999827
JOB 18 PROVED
LEAF 16 21504 22016 1024000 256000 258304 768000 nodes 419787 cap 1.03782999999999999829
JOB 16 PROVED
LEAF 33 21504 22016 1024000 256000 258304 768000 nodes 157327 cap 1.07157999999999999834
JOB 33 PROVED
LEAF 35 21504 22016 1024000 256000 258304 768000 nodes 112497 cap 1.0095199999999999983
JOB 35 PROVED
LEAF 37 21504 22016 1024000 256000 258304 768000 nodes 23943 cap 1.01130999999999999834
JOB 37 PROVED
LEAF 38 21504 22016 1024000 256000 258304 768000 nodes 16817 cap 0.971929999999999998475
JOB 38 PROVED
LEAF 39 21504 22016 1024000 256000 258304 768000 nodes 12071 cap 0.943009999999999998515
JOB 39 PROVED
LEAF 40 21504 22016 1024000 256000 258304 768000 nodes 16289 cap 1.01509999999999999841
JOB 40 PROVED
LEAF 41 21504 22016 1024000 256000 258304 768000 nodes 8259 cap 1.00444999999999999845
JOB 41 PROVED
LEAF 42 21504 22016 1024000 256000 258304 768000 nodes 6477 cap 0.971539999999999998536
JOB 42 PROVED
LEAF 43 21504 22016 1024000 256000 258304 768000 nodes 4529 cap 0.932469999999999998571
JOB 43 PROVED
LEAF 44 21504 22016 1024000 256000 258304 768000 nodes 6163 cap 0.94449999999999999852
JOB 44 PROVED
LEAF 45 21504 22016 1024000 256000 258304 768000 nodes 4347 cap 0.959179999999999998535
JOB 45 PROVED
LEAF 46 21504 22016 1024000 256000 258304 768000 nodes 4603 cap 0.960259999999999998549
JOB 46 PROVED
LEAF 47 21504 22016 1024000 256000 258304 768000 nodes 4005 cap 0.939099999999999998559
JOB 47 PROVED
LEAF 36 21504 22016 1024000 256000 258304 768000 nodes 168933 cap 1.01509999999999999841
JOB 36 PROVED
LEAF 49 21504 22016 1024000 256000 258304 768000 nodes 53837 cap 0.946139999999999998485
JOB 49 PROVED
LEAF 50 21504 22016 1024000 256000 258304 768000 nodes 15117 cap 0.940479999999999998601
JOB 50 PROVED
LEAF 51 21504 22016 1024000 256000 258304 768000 nodes 11723 cap 0.8615899999999999986
JOB 51 PROVED
LEAF 52 21504 22016 1024000 256000 258304 768000 nodes 6163 cap 0.94449999999999999852
JOB 52 PROVED
LEAF 53 21504 22016 1024000 256000 258304 768000 nodes 4395 cap 0.913439999999999998585
JOB 53 PROVED
LEAF 54 21504 22016 1024000 256000 258304 768000 nodes 4007 cap 0.892429999999999998663
JOB 54 PROVED
LEAF 55 21504 22016 1024000 256000 258304 768000 nodes 3019 cap 0.90257999999999999856
JOB 55 PROVED
LEAF 56 21504 22016 1024000 256000 258304 768000 nodes 2139 cap 0.964519999999999998501
JOB 56 PROVED
LEAF 57 21504 22016 1024000 256000 258304 768000 nodes 1619 cap 0.958339999999999998554
JOB 57 PROVED
LEAF 58 21504 22016 1024000 256000 258304 768000 nodes 1305 cap 0.950289999999999998528
JOB 58 PROVED
LEAF 59 21504 22016 1024000 256000 258304 768000 nodes 793 cap 0.951069999999999998568
JOB 59 PROVED
LEAF 60 21504 22016 1024000 256000 258304 768000 nodes 1115 cap 0.950009999999999998552
JOB 60 PROVED
LEAF 61 21504 22016 1024000 256000 258304 768000 nodes 845 cap 0.959419999999999998514
JOB 61 PROVED
LEAF 62 21504 22016 1024000 256000 258304 768000 nodes 937 cap 0.953559999999999998539
JOB 62 PROVED
LEAF 63 21504 22016 1024000 256000 258304 768000 nodes 727 cap 0.955229999999999998474
JOB 63 PROVED
LEAF 48 21504 22016 1024000 256000 258304 768000 nodes 184809 cap 0.942119999999999998512
JOB 48 PROVED
LEAF 64 21504 22016 1024000 256000 258304 768000 nodes 109961 cap 0.997894999999999998437
JOB 64 PROVED
LEAF 34 21504 22016 1024000 256000 258304 768000 nodes 339855 cap 1.05645999999999999837
JOB 34 PROVED
LEAF 17 21504 22016 1024000 256000 258304 768000 nodes 508193 cap 1.0362199999999999983
JOB 17 PROVED
LEAF 65 21504 22016 1024000 256000 258304 768000 nodes 237937 cap 1.03026999999999999841
JOB 65 PROVED
LEAF 67 21504 22016 1024000 256000 258304 768000 nodes 336309 cap 1.03317999999999999835
JOB 67 PROVED
LEAF 66 21504 22016 1024000 256000 258304 768000 nodes 219049 cap 1.06606999999999999831
JOB 66 PROVED
LEAF 70 21504 22016 1024000 256000 258304 768000 nodes 73033 cap 0.996219999999999998488
JOB 70 PROVED
LEAF 71 21504 22016 1024000 256000 258304 768000 nodes 36475 cap 0.956429999999999998532
JOB 71 PROVED
LEAF 73 21504 22016 1024000 256000 258304 768000 nodes 28123 cap 1.01422999999999999841
JOB 73 PROVED
LEAF 74 21504 22016 1024000 256000 258304 768000 nodes 14105 cap 0.991199999999999998495
JOB 74 PROVED
LEAF 75 21504 22016 1024000 256000 258304 768000 nodes 9647 cap 0.925639999999999998492
JOB 75 PROVED
LEAF 72 21504 22016 1024000 256000 258304 768000 nodes 116651 cap 1.01698999999999999827
JOB 72 PROVED
LEAF 76 21504 22016 1024000 256000 258304 768000 nodes 15117 cap 0.940479999999999998601
JOB 76 PROVED
LEAF 77 21504 22016 1024000 256000 258304 768000 nodes 9741 cap 0.943969999999999998485
JOB 77 PROVED
LEAF 79 21504 22016 1024000 256000 258304 768000 nodes 8263 cap 0.927129999999999998605
JOB 79 PROVED
LEAF 78 21504 22016 1024000 256000 258304 768000 nodes 9281 cap 0.959189999999999998453
JOB 78 PROVED
LEAF 69 21504 22016 1024000 256000 258304 768000 nodes 219339 cap 1.01698999999999999827
JOB 69 PROVED
LEAF 82 21504 22016 1024000 256000 258304 768000 nodes 14105 cap 0.991199999999999998495
JOB 82 PROVED
LEAF 83 21504 22016 1024000 256000 258304 768000 nodes 11683 cap 0.894319999999999998579
JOB 83 PROVED
LEAF 84 21504 22016 1024000 256000 258304 768000 nodes 6477 cap 0.971539999999999998536
JOB 84 PROVED
LEAF 85 21504 22016 1024000 256000 258304 768000 nodes 4477 cap 0.917719999999999998535
JOB 85 PROVED
LEAF 86 21504 22016 1024000 256000 258304 768000 nodes 3909 cap 0.898469999999999998622
JOB 86 PROVED
LEAF 87 21504 22016 1024000 256000 258304 768000 nodes 2979 cap 0.905879999999999998596
JOB 87 PROVED
LEAF 88 21504 22016 1024000 256000 258304 768000 nodes 2381 cap 0.966099999999999998525
JOB 88 PROVED
LEAF 89 21504 22016 1024000 256000 258304 768000 nodes 1659 cap 0.95265999999999999851
JOB 89 PROVED
LEAF 90 21504 22016 1024000 256000 258304 768000 nodes 1341 cap 0.946299999999999998525
JOB 90 PROVED
LEAF 91 21504 22016 1024000 256000 258304 768000 nodes 841 cap 0.948079999999999998532
JOB 91 PROVED
LEAF 92 21504 22016 1024000 256000 258304 768000 nodes 1305 cap 0.950289999999999998528
JOB 92 PROVED
LEAF 93 21504 22016 1024000 256000 258304 768000 nodes 907 cap 0.954939999999999998527
JOB 93 PROVED
LEAF 94 21504 22016 1024000 256000 258304 768000 nodes 911 cap 0.948579999999999998542
JOB 94 PROVED
LEAF 95 21504 22016 1024000 256000 258304 768000 nodes 755 cap 0.950659999999999998468
JOB 95 PROVED
LEAF 80 21504 22016 1024000 256000 258304 768000 nodes 80657 cap 0.991209999999999998467
JOB 80 PROVED
LEAF 81 21504 22016 1024000 256000 258304 768000 nodes 42841 cap 0.999709999999999998427
JOB 81 PROVED
LEAF 68 21504 22016 1024000 256000 258304 768000 nodes 339855 cap 1.05645999999999999837
JOB 68 PROVED
LEAF 98 21504 22016 1024000 256000 258304 768000 nodes 73033 cap 0.996219999999999998488
JOB 98 PROVED
LEAF 100 21504 22016 1024000 256000 258304 768000 nodes 16817 cap 0.971929999999999998475
JOB 100 PROVED
LEAF 101 21504 22016 1024000 256000 258304 768000 nodes 31439 cap 0.878649999999999998624
JOB 101 PROVED
LEAF 96 21504 22016 1024000 256000 258304 768000 nodes 275947 cap 1.01529999999999999829
JOB 96 PROVED
LEAF 103 21504 22016 1024000 256000 258304 768000 nodes 11415 cap 0.831689999999999998618
JOB 103 PROVED
LEAF 104 21504 22016 1024000 256000 258304 768000 nodes 6233 cap 0.951359999999999998515
JOB 104 PROVED
LEAF 105 21504 22016 1024000 256000 258304 768000 nodes 4569 cap 0.91951999999999999854
JOB 105 PROVED
LEAF 106 21504 22016 1024000 256000 258304 768000 nodes 3909 cap 0.898469999999999998622
JOB 106 PROVED
LEAF 107 21504 22016 1024000 256000 258304 768000 nodes 2631 cap 0.89515999999999999856
JOB 107 PROVED
LEAF 108 21504 22016 1024000 256000 258304 768000 nodes 4007 cap 0.892429999999999998663
JOB 108 PROVED
LEAF 102 21504 22016 1024000 256000 258304 768000 nodes 22017 cap 0.822949999999999998733
JOB 102 PROVED
LEAF 109 21504 22016 1024000 256000 258304 768000 nodes 2929 cap 0.911779999999999998622
JOB 109 PROVED
LEAF 111 21504 22016 1024000 256000 258304 768000 nodes 2503 cap 0.899509999999999998531
JOB 111 PROVED
LEAF 110 21504 22016 1024000 256000 258304 768000 nodes 3011 cap 0.901639999999999998588
JOB 110 PROVED
LEAF 113 21504 22016 1024000 256000 258304 768000 nodes 24943 cap 0.956029999999999998513
JOB 113 PROVED
LEAF 112 21504 22016 1024000 256000 258304 768000 nodes 64375 cap 0.945629999999999998502
JOB 112 PROVED
LEAF 115 21504 22016 1024000 256000 258304 768000 nodes 8491 cap 0.887329999999999998568
JOB 115 PROVED
LEAF 114 21504 22016 1024000 256000 258304 768000 nodes 9281 cap 0.959189999999999998453
JOB 114 PROVED
LEAF 116 21504 22016 1024000 256000 258304 768000 nodes 4603 cap 0.960259999999999998549
JOB 116 PROVED
LEAF 117 21504 22016 1024000 256000 258304 768000 nodes 3423 cap 0.92088999999999999861
JOB 117 PROVED
LEAF 118 21504 22016 1024000 256000 258304 768000 nodes 3011 cap 0.901639999999999998588
JOB 118 PROVED
LEAF 120 21504 22016 1024000 256000 258304 768000 nodes 1635 cap 0.968469999999999998507
JOB 120 PROVED
LEAF 121 21504 22016 1024000 256000 258304 768000 nodes 1163 cap 0.956129999999999998558
JOB 121 PROVED
LEAF 122 21504 22016 1024000 256000 258304 768000 nodes 911 cap 0.948579999999999998542
JOB 122 PROVED
LEAF 123 21504 22016 1024000 256000 258304 768000 nodes 701 cap 0.94986999999999999851
JOB 123 PROVED
LEAF 119 21504 22016 1024000 256000 258304 768000 nodes 2445 cap 0.909439999999999998556
JOB 119 PROVED
LEAF 124 21504 22016 1024000 256000 258304 768000 nodes 937 cap 0.953559999999999998539
JOB 124 PROVED
LEAF 126 21504 22016 1024000 256000 258304 768000 nodes 801 cap 0.951659999999999998543
JOB 126 PROVED
LEAF 125 21504 22016 1024000 256000 258304 768000 nodes 769 cap 0.95880999999999999854
JOB 125 PROVED
LEAF 127 21504 22016 1024000 256000 258304 768000 nodes 633 cap 0.953529999999999998515
JOB 127 PROVED
LEAF 128 21504 22016 1024000 256000 258304 768000 nodes 33895 cap 0.94535499999999999854
JOB 128 PROVED
LEAF 129 21504 22016 1024000 256000 258304 768000 nodes 81277 cap 1.00090499999999999837
JOB 129 PROVED
LEAF 99 21504 21632 1024000 256000 258304 768000 nodes 44761 cap 0.864639999999999998631
LEAF 97 21504 22016 1024000 256000 258304 768000 nodes 467533 cap 1.01201999999999999836
JOB 97 PROVED
LEAF 99 21632 21760 1024000 256000 258304 768000 nodes 42799 cap 0.865119999999999998643
LEAF 132 21504 22016 1024000 256000 258304 768000 nodes 157327 cap 1.07157999999999999834
JOB 132 PROVED
LEAF 131 21504 22016 1024000 256000 258304 768000 nodes 237621 cap 1.02999999999999999835
JOB 131 PROVED
LEAF 99 21760 22016 1024000 256000 258304 768000 nodes 141411 cap 0.865599999999999998601
JOB 99 PROVED
LEAF 133 21504 22016 1024000 256000 258304 768000 nodes 356319 cap 1.03980999999999999839
JOB 133 PROVED
LEAF 135 21504 22016 1024000 256000 258304 768000 nodes 211191 cap 0.972559999999999998501
JOB 135 PROVED
LEAF 130 21504 22016 1024000 256000 258304 768000 nodes 237937 cap 1.03026999999999999841
JOB 130 PROVED
LEAF 138 21504 22016 1024000 256000 258304 768000 nodes 42841 cap 0.999709999999999998427
JOB 138 PROVED
LEAF 137 21504 22016 1024000 256000 258304 768000 nodes 132817 cap 1.01710999999999999837
JOB 137 PROVED
LEAF 139 21504 22016 1024000 256000 258304 768000 nodes 26731 cap 0.923809999999999998571
JOB 139 PROVED
LEAF 140 21504 22016 1024000 256000 258304 768000 nodes 53837 cap 0.946139999999999998485
JOB 140 PROVED
LEAF 142 21504 22016 1024000 256000 258304 768000 nodes 24943 cap 0.956029999999999998513
JOB 142 PROVED
LEAF 143 21504 22016 1024000 256000 258304 768000 nodes 22521 cap 0.919099999999999998631
JOB 143 PROVED
LEAF 134 21504 22016 1024000 256000 258304 768000 nodes 467533 cap 1.01201999999999999836
JOB 134 PROVED
LEAF 141 21504 22016 1024000 256000 258304 768000 nodes 32329 cap 0.930839999999999998578
JOB 141 PROVED
LEAF 146 21504 22016 1024000 256000 258304 768000 nodes 28123 cap 1.01422999999999999841
JOB 146 PROVED
LEAF 147 21504 22016 1024000 256000 258304 768000 nodes 12231 cap 0.938909999999999998549
JOB 147 PROVED
LEAF 148 21504 22016 1024000 256000 258304 768000 nodes 8259 cap 1.00444999999999999845
JOB 148 PROVED
LEAF 145 21504 22016 1024000 256000 258304 768000 nodes 132817 cap 1.01710999999999999837
JOB 145 PROVED
LEAF 149 21504 22016 1024000 256000 258304 768000 nodes 5295 cap 0.947489999999999998556
JOB 149 PROVED
LEAF 150 21504 22016 1024000 256000 258304 768000 nodes 4569 cap 0.91951999999999999854
JOB 150 PROVED
LEAF 152 21504 22016 1024000 256000 258304 768000 nodes 3049 cap 0.98505999999999999849
JOB 152 PROVED
LEAF 151 21504 22016 1024000 256000 258304 768000 nodes 3515 cap 0.923849999999999998513
JOB 151 PROVED
LEAF 153 21504 22016 1024000 256000 258304 768000 nodes 2031 cap 0.962599999999999998506
JOB 153 PROVED
LEAF 155 21504 22016 1024000 256000 258304 768000 nodes 1033 cap 0.952549999999999998547
JOB 155 PROVED
LEAF 154 21504 22016 1024000 256000 258304 768000 nodes 1659 cap 0.95265999999999999851
JOB 154 PROVED
LEAF 156 21504 22016 1024000 256000 258304 768000 nodes 1619 cap 0.958339999999999998554
JOB 156 PROVED
LEAF 157 21504 22016 1024000 256000 258304 768000 nodes 1151 cap 0.963589999999999998555
JOB 157 PROVED
LEAF 158 21504 22016 1024000 256000 258304 768000 nodes 1163 cap 0.956129999999999998558
JOB 158 PROVED
LEAF 159 21504 22016 1024000 256000 258304 768000 nodes 957 cap 0.955919999999999998495
JOB 159 PROVED
LEAF 136 21504 22016 1024000 256000 258304 768000 nodes 508193 cap 1.0362199999999999983
JOB 136 PROVED
LEAF 160 21504 22016 1024000 256000 258304 768000 nodes 226939 cap 1.03759999999999999834
JOB 160 PROVED
LEAF 162 21504 22016 1024000 256000 258304 768000 nodes 219339 cap 1.01698999999999999827
JOB 162 PROVED
LEAF 163 21504 22016 1024000 256000 258304 768000 nodes 49189 cap 0.946719999999999998488
JOB 163 PROVED
LEAF 165 21504 22016 1024000 256000 258304 768000 nodes 15595 cap 0.942939999999999998494
JOB 165 PROVED
LEAF 164 21504 22016 1024000 256000 258304 768000 nodes 23943 cap 1.01130999999999999834
JOB 164 PROVED
LEAF 167 21504 22016 1024000 256000 258304 768000 nodes 11411 cap 0.87523999999999999857
JOB 167 PROVED
LEAF 168 21504 22016 1024000 256000 258304 768000 nodes 6743 cap 0.989349999999999998467
JOB 168 PROVED
LEAF 166 21504 22016 1024000 256000 258304 768000 nodes 31439 cap 0.878649999999999998624
JOB 166 PROVED
LEAF 169 21504 22016 1024000 256000 258304 768000 nodes 5295 cap 0.947489999999999998556
JOB 169 PROVED
LEAF 171 21504 22016 1024000 256000 258304 768000 nodes 2927 cap 0.906959999999999998556
JOB 171 PROVED
LEAF 170 21504 22016 1024000 256000 258304 768000 nodes 4477 cap 0.917719999999999998535
JOB 170 PROVED
LEAF 172 21504 22016 1024000 256000 258304 768000 nodes 4395 cap 0.913439999999999998585
JOB 172 PROVED
LEAF 174 21504 22016 1024000 256000 258304 768000 nodes 3423 cap 0.92088999999999999861
JOB 174 PROVED
LEAF 173 21504 22016 1024000 256000 258304 768000 nodes 3359 cap 0.931229999999999998571
JOB 173 PROVED
LEAF 175 21504 22016 1024000 256000 258304 768000 nodes 2771 cap 0.912609999999999998522
JOB 175 PROVED
LEAF 177 21504 22016 1024000 256000 258304 768000 nodes 32329 cap 0.930839999999999998578
JOB 177 PROVED
LEAF 178 21504 22016 1024000 256000 258304 768000 nodes 9741 cap 0.943969999999999998485
JOB 178 PROVED
LEAF 179 21504 22016 1024000 256000 258304 768000 nodes 7301 cap 0.888099999999999998636
JOB 179 PROVED
LEAF 180 21504 22016 1024000 256000 258304 768000 nodes 4347 cap 0.959179999999999998535
JOB 180 PROVED
LEAF 181 21504 22016 1024000 256000 258304 768000 nodes 3359 cap 0.931229999999999998571
JOB 181 PROVED
LEAF 182 21504 22016 1024000 256000 258304 768000 nodes 2929 cap 0.911779999999999998622
JOB 182 PROVED
LEAF 183 21504 22016 1024000 256000 258304 768000 nodes 2291 cap 0.919279999999999998561
JOB 183 PROVED
LEAF 184 21504 22016 1024000 256000 258304 768000 nodes 1629 cap 0.974039999999999998534
JOB 184 PROVED
LEAF 185 21504 22016 1024000 256000 258304 768000 nodes 1151 cap 0.963589999999999998555
JOB 185 PROVED
LEAF 186 21504 22016 1024000 256000 258304 768000 nodes 907 cap 0.954939999999999998527
JOB 186 PROVED
LEAF 187 21504 22016 1024000 256000 258304 768000 nodes 621 cap 0.955029999999999998546
JOB 187 PROVED
LEAF 188 21504 22016 1024000 256000 258304 768000 nodes 845 cap 0.959419999999999998514
JOB 188 PROVED
LEAF 189 21504 22016 1024000 256000 258304 768000 nodes 703 cap 0.965759999999999998501
JOB 189 PROVED
LEAF 190 21504 22016 1024000 256000 258304 768000 nodes 769 cap 0.95880999999999999854
JOB 190 PROVED
LEAF 191 21504 22016 1024000 256000 258304 768000 nodes 595 cap 0.959489999999999998535
JOB 191 PROVED
LEAF 192 21504 22016 1024000 256000 258304 768000 nodes 185335 cap 0.998319999999999998467
JOB 192 PROVED
LEAF 144 21504 22016 1024000 256000 258304 768000 nodes 326957 cap 1.00953999999999999836
JOB 144 PROVED
LEAF 161 21504 22016 1024000 256000 258304 768000 nodes 356319 cap 1.03980999999999999839
JOB 161 PROVED
LEAF 176 21504 21760 1024000 256000 258304 768000 nodes 251205 cap 0.914239999999999998515
LEAF 193 21504 22016 1024000 256000 258304 768000 nodes 237621 cap 1.02999999999999999835
JOB 193 PROVED
LEAF 196 21504 22016 1024000 256000 258304 768000 nodes 112497 cap 1.0095199999999999983
JOB 196 PROVED
LEAF 197 21504 22016 1024000 256000 258304 768000 nodes 49189 cap 0.946719999999999998488
JOB 197 PROVED
LEAF 195 21504 22016 1024000 256000 258304 768000 nodes 190915 cap 0.970829999999999998463
JOB 195 PROVED
LEAF 199 21504 22016 1024000 256000 258304 768000 nodes 48335 cap 0.839189999999999998611
JOB 199 PROVED
LEAF 200 21504 22016 1024000 256000 258304 768000 nodes 15013 cap 0.984119999999999998464
JOB 200 PROVED
LEAF 201 21504 22016 1024000 256000 258304 768000 nodes 12231 cap 0.938909999999999998549
JOB 201 PROVED
LEAF 176 21760 22016 1024000 256000 258304 768000 nodes 259963 cap 0.916599999999999998525
JOB 176 PROVED
LEAF 203 21504 22016 1024000 256000 258304 768000 nodes 7401 cap 0.860159999999999998644
JOB 203 PROVED
LEAF 202 21504 22016 1024000 256000 258304 768000 nodes 11683 cap 0.894319999999999998579
JOB 202 PROVED
LEAF 205 21504 22016 1024000 256000 258304 768000 nodes 7301 cap 0.888099999999999998636
JOB 205 PROVED
LEAF 204 21504 22016 1024000 256000 258304 768000 nodes 11723 cap 0.8615899999999999986
JOB 204 PROVED
LEAF 206 21504 22016 1024000 256000 258304 768000 nodes 8491 cap 0.887329999999999998568
JOB 206 PROVED
LEAF 207 21504 22016 1024000 256000 258304 768000 nodes 7063 cap 0.863429999999999998656
JOB 207 PROVED
LEAF 209 21504 22016 1024000 256000 258304 768000 nodes 26731 cap 0.923809999999999998571
JOB 209 PROVED
LEAF 210 21504 22016 1024000 256000 258304 768000 nodes 9647 cap 0.925639999999999998492
JOB 210 PROVED
LEAF 211 21504 22016 1024000 256000 258304 768000 nodes 7401 cap 0.860159999999999998644
JOB 211 PROVED
LEAF 212 21504 22016 1024000 256000 258304 768000 nodes 4529 cap 0.932469999999999998571
JOB 212 PROVED
LEAF 208 21504 22016 1024000 256000 258304 768000 nodes 51757 cap 0.919029999999999998556
JOB 208 PROVED
LEAF 213 21504 22016 1024000 256000 258304 768000 nodes 2927 cap 0.906959999999999998556
JOB 213 PROVED
LEAF 214 21504 22016 1024000 256000 258304 768000 nodes 2631 cap 0.89515999999999999856
JOB 214 PROVED
LEAF 215 21504 22016 1024000 256000 258304 768000 nodes 2109 cap 0.903079999999999998625
JOB 215 PROVED
LEAF 216 21504 22016 1024000 256000 258304 768000 nodes 1473 cap 0.957139999999999998551
JOB 216 PROVED
LEAF 218 21504 22016 1024000 256000 258304 768000 nodes 841 cap 0.948079999999999998532
JOB 218 PROVED
LEAF 217 21504 22016 1024000 256000 258304 768000 nodes 1033 cap 0.952549999999999998547
JOB 217 PROVED
LEAF 219 21504 22016 1024000 256000 258304 768000 nodes 515 cap 0.950269999999999998529
JOB 219 PROVED
LEAF 220 21504 22016 1024000 256000 258304 768000 nodes 793 cap 0.951069999999999998568
JOB 220 PROVED
LEAF 221 21504 22016 1024000 256000 258304 768000 nodes 621 cap 0.955029999999999998546
JOB 221 PROVED
LEAF 222 21504 22016 1024000 256000 258304 768000 nodes 701 cap 0.94986999999999999851
JOB 222 PROVED
LEAF 223 21504 22016 1024000 256000 258304 768000 nodes 505 cap 0.952739999999999998503
JOB 223 PROVED
LEAF 194 21504 22016 1024000 256000 258304 768000 nodes 336309 cap 1.03317999999999999835
JOB 194 PROVED
LEAF 226 21504 22016 1024000 256000 258304 768000 nodes 36475 cap 0.956429999999999998532
JOB 226 PROVED
LEAF 225 21504 22016 1024000 256000 258304 768000 nodes 211191 cap 0.972559999999999998501
JOB 225 PROVED
LEAF 228 21504 22016 1024000 256000 258304 768000 nodes 12071 cap 0.943009999999999998515
JOB 228 PROVED
LEAF 229 21504 22016 1024000 256000 258304 768000 nodes 11411 cap 0.87523999999999999857
JOB 229 PROVED
LEAF 230 21504 22016 1024000 256000 258304 768000 nodes 11415 cap 0.831689999999999998618
JOB 230 PROVED
LEAF 231 21504 22016 1024000 256000 258304 768000 nodes 7897 cap 0.842449999999999998597
JOB 231 PROVED
LEAF 232 21504 22016 1024000 256000 258304 768000 nodes 4547 cap 0.945169999999999998488
JOB 232 PROVED
LEAF 233 21504 22016 1024000 256000 258304 768000 nodes 3515 cap 0.923849999999999998513
JOB 233 PROVED
LEAF 234 21504 22016 1024000 256000 258304 768000 nodes 2979 cap 0.905879999999999998596
JOB 234 PROVED
LEAF 235 21504 22016 1024000 256000 258304 768000 nodes 2109 cap 0.903079999999999998625
JOB 235 PROVED
LEAF 236 21504 22016 1024000 256000 258304 768000 nodes 3019 cap 0.90257999999999999856
JOB 236 PROVED
LEAF 237 21504 22016 1024000 256000 258304 768000 nodes 2291 cap 0.919279999999999998561
JOB 237 PROVED
LEAF 238 21504 22016 1024000 256000 258304 768000 nodes 2445 cap 0.909439999999999998556
JOB 238 PROVED
LEAF 239 21504 22016 1024000 256000 258304 768000 nodes 2029 cap 0.907829999999999998615
JOB 239 PROVED
LEAF 224 21504 22016 1024000 256000 258304 768000 nodes 293055 cap 0.978619999999999998512
JOB 224 PROVED
LEAF 227 21504 22016 1024000 256000 258304 768000 nodes 48335 cap 0.839189999999999998611
JOB 227 PROVED
LEAF 241 21504 22016 1024000 256000 258304 768000 nodes 22521 cap 0.919099999999999998631
JOB 241 PROVED
LEAF 240 21504 22016 1024000 256000 258304 768000 nodes 41733 cap 0.913319999999999998595
JOB 240 PROVED
LEAF 243 21504 22016 1024000 256000 258304 768000 nodes 7063 cap 0.863429999999999998656
JOB 243 PROVED
LEAF 242 21504 22016 1024000 256000 258304 768000 nodes 8263 cap 0.927129999999999998605
JOB 242 PROVED
LEAF 244 21504 22016 1024000 256000 258304 768000 nodes 4005 cap 0.939099999999999998559
JOB 244 PROVED
LEAF 245 21504 22016 1024000 256000 258304 768000 nodes 2771 cap 0.912609999999999998522
JOB 245 PROVED
LEAF 247 21504 22016 1024000 256000 258304 768000 nodes 2029 cap 0.907829999999999998615
JOB 247 PROVED
LEAF 198 21504 21632 1024000 256000 258304 768000 nodes 44761 cap 0.864639999999999998631
LEAF 248 21504 22016 1024000 256000 258304 768000 nodes 1347 cap 0.96239999999999999847
JOB 248 PROVED
LEAF 249 21504 22016 1024000 256000 258304 768000 nodes 957 cap 0.955919999999999998495
JOB 249 PROVED
LEAF 250 21504 22016 1024000 256000 258304 768000 nodes 755 cap 0.950659999999999998468
JOB 250 PROVED
LEAF 251 21504 22016 1024000 256000 258304 768000 nodes 505 cap 0.952739999999999998503
JOB 251 PROVED
LEAF 252 21504 22016 1024000 256000 258304 768000 nodes 727 cap 0.955229999999999998474
JOB 252 PROVED
LEAF 253 21504 22016 1024000 256000 258304 768000 nodes 595 cap 0.959489999999999998535
JOB 253 PROVED
LEAF 246 21504 22016 1024000 256000 258304 768000 nodes 2503 cap 0.899509999999999998531
JOB 246 PROVED
LEAF 254 21504 22016 1024000 256000 258304 768000 nodes 633 cap 0.953529999999999998515
JOB 254 PROVED
LEAF 255 21504 22016 1024000 256000 258304 768000 nodes 495 cap 0.956499999999999998499
JOB 255 PROVED
LEAF 1 22016 22528 1024000 256000 258304 768000 nodes 32709 cap 0.943939999999999998515
JOB 257 PROVED
LEAF 0 22016 22528 1024000 256000 258304 768000 nodes 23479 cap 0.867299999999999998669
JOB 256 PROVED
LEAF 198 21632 21760 1024000 256000 258304 768000 nodes 42799 cap 0.865119999999999998643
LEAF 2 22016 22528 1024000 256000 258304 768000 nodes 102137 cap 0.997259999999999998506
JOB 258 PROVED
LEAF 3 22016 22528 1024000 256000 258304 768000 nodes 180829 cap 0.997059999999999998469
JOB 259 PROVED
LEAF 198 21760 22016 1024000 256000 258304 768000 nodes 141411 cap 0.865599999999999998601
JOB 198 PROVED
LEAF 5 22016 22528 1024000 256000 258304 768000 nodes 227119 cap 1.03829999999999999833
JOB 261 PROVED
LEAF 4 22016 22528 1024000 256000 258304 768000 nodes 167261 cap 1.04467999999999999837
JOB 260 PROVED
LEAF 7 22016 22528 1024000 256000 258304 768000 nodes 301883 cap 0.980779999999999998486
JOB 263 PROVED
LEAF 10 22016 22528 1024000 256000 258304 768000 nodes 84519 cap 0.992764999999999998479
JOB 266 PROVED
LEAF 6 22016 22528 1024000 256000 258304 768000 nodes 275465 cap 1.01639999999999999835
JOB 262 PROVED
LEAF 11 22016 22528 1024000 256000 258304 768000 nodes 53293 cap 0.921594999999999998507
JOB 267 PROVED
LEAF 13 22016 22272 1024000 256000 258304 768000 nodes 270309 cap 0.918959999999999998535
LEAF 12 22016 22528 1024000 256000 258304 768000 nodes 196245 cap 0.945679999999999998525
JOB 268 PROVED
LEAF 8 22016 22528 1024000 256000 258304 768000 nodes 389225 cap 1.04024499999999999834
JOB 264 PROVED
LEAF 14 22016 22528 1024000 256000 258304 768000 nodes 65961 cap 0.948994999999999998492
JOB 270 PROVED
LEAF 15 22016 22528 1024000 256000 258304 768000 nodes 41999 cap 0.916179999999999998507
JOB 271 PROVED
LEAF 13 22272 22528 1024000 256000 258304 768000 nodes 283145 cap 0.921319999999999998491
JOB 269 PROVED
LEAF 9 22016 22528 1024000 256000 258304 768000 nodes 326529 cap 1.0117099999999999983
JOB 265 PROVED
LEAF 18 22016 22528 1024000 256000 258304 768000 nodes 121537 cap 1.01793499999999999837
JOB 274 PROVED
LEAF 20 22016 22528 1024000 256000 258304 768000 nodes 16633 cap 1.01509999999999999841
JOB 276 PROVED
LEAF 19 22016 22528 1024000 256000 258304 768000 nodes 15183 cap 0.984479999999999998541
JOB 275 PROVED
LEAF 21 22016 22528 1024000 256000 258304 768000 nodes 6765 cap 0.989524999999999998492
JOB 277 PROVED
LEAF 23 22016 22528 1024000 256000 258304 768000 nodes 4521 cap 0.945554999999999998522
JOB 279 PROVED
LEAF 22 22016 22528 1024000 256000 258304 768000 nodes 6209 cap 0.951739999999999998536
JOB 278 PROVED
LEAF 16 22016 22528 1024000 256000 258304 768000 nodes 389225 cap 1.04024499999999999834
JOB 272 PROVED
LEAF 24 22016 22528 1024000 256000 258304 768000 nodes 4247 cap 1.00701999999999999836
JOB 280 PROVED
LEAF 27 22016 22528 1024000 256000 258304 768000 nodes 1459 cap 0.957359999999999998532
JOB 283 PROVED
LEAF 25 22016 22528 1024000 256000 258304 768000 nodes 3047 cap 0.985189999999999998506
JOB 281 PROVED
LEAF 26 22016 22528 1024000 256000 258304 768000 nodes 2373 cap 0.966299999999999998453
JOB 282 PROVED
LEAF 30 22016 22528 1024000 256000 258304 768000 nodes 1625 cap 0.968654999999999998504
JOB 286 PROVED
LEAF 28 22016 22528 1024000 256000 258304 768000 nodes 2131 cap 0.964729999999999998564
JOB 284 PROVED
LEAF 29 22016 22528 1024000 256000 258304 768000 nodes 1621 cap 0.974209999999999998492
JOB 285 PROVED
LEAF 31 22016 22528 1024000 256000 258304 768000 nodes 1339 cap 0.962599999999999998506
JOB 287 PROVED
LEAF 17 22016 22528 1024000 256000 258304 768000 nodes 474731 cap 1.03867999999999999824
JOB 273 PROVED
LEAF 32 22016 22528 1024000 256000 258304 768000 nodes 167261 cap 1.04467999999999999837
JOB 288 PROVED
LEAF 35 22016 22528 1024000 256000 258304 768000 nodes 117783 cap 1.0096799999999999984
JOB 291 PROVED
LEAF 37 22016 22528 1024000 256000 258304 768000 nodes 24557 cap 1.01136499999999999837
JOB 293 PROVED
LEAF 38 22016 22528 1024000 256000 258304 768000 nodes 16961 cap 0.972444999999999998525
JOB 294 PROVED
LEAF 39 22016 22528 1024000 256000 258304 768000 nodes 12181 cap 0.943714999999999998521
JOB 295 PROVED
LEAF 33 22016 22528 1024000 256000 258304 768000 nodes 159099 cap 1.0717699999999999983
JOB 289 PROVED
LEAF 34 22016 22528 1024000 256000 258304 768000 nodes 325931 cap 1.05823999999999999826
JOB 290 PROVED
LEAF 42 22016 22528 1024000 256000 258304 768000 nodes 6455 cap 0.971809999999999998486
JOB 298 PROVED
LEAF 40 22016 22528 1024000 256000 258304 768000 nodes 16633 cap 1.01509999999999999841
JOB 296 PROVED
LEAF 43 22016 22528 1024000 256000 258304 768000 nodes 4513 cap 0.932904999999999998573
JOB 299 PROVED
LEAF 36 22016 22528 1024000 256000 258304 768000 nodes 170715 cap 1.01509999999999999841
JOB 292 PROVED
LEAF 41 22016 22528 1024000 256000 258304 768000 nodes 8321 cap 1.00452499999999999832
JOB 297 PROVED
LEAF 46 22016 22528 1024000 256000 258304 768000 nodes 4591 cap 0.960589999999999998547
JOB 302 PROVED
LEAF 44 22016 22528 1024000 256000 258304 768000 nodes 6121 cap 0.944949999999999998508
JOB 300 PROVED
LEAF 45 22016 22528 1024000 256000 258304 768000 nodes 4335 cap 0.959519999999999998505
JOB 301 PROVED
LEAF 47 22016 22528 1024000 256000 258304 768000 nodes 3991 cap 0.939499999999999998524
JOB 303 PROVED
LEAF 50 22016 22528 1024000 256000 258304 768000 nodes 15403 cap 0.941269999999999998505
JOB 306 PROVED
LEAF 52 22016 22528 1024000 256000 258304 768000 nodes 6121 cap 0.944949999999999998508
JOB 308 PROVED
LEAF 53 22016 22528 1024000 256000 258304 768000 nodes 4349 cap 0.913959999999999998539
JOB 309 PROVED
LEAF 54 22016 22528 1024000 256000 258304 768000 nodes 3997 cap 0.89304499999999999865
JOB 310 PROVED
LEAF 51 22016 22528 1024000 256000 258304 768000 nodes 11507 cap 0.862734999999999998676
JOB 307 PROVED
LEAF 55 22016 22528 1024000 256000 258304 768000 nodes 3001 cap 0.903119999999999998567
JOB 311 PROVED
LEAF 56 22016 22528 1024000 256000 258304 768000 nodes 2131 cap 0.964729999999999998564
JOB 312 PROVED
LEAF 57 22016 22528 1024000 256000 258304 768000 nodes 1611 cap 0.958559999999999998481
JOB 313 PROVED
LEAF 59 22016 22528 1024000 256000 258304 768000 nodes 787 cap 0.951304999999999998534
JOB 315 PROVED
LEAF 60 22016 22528 1024000 256000 258304 768000 nodes 1117 cap 0.950264999999999998516
JOB 316 PROVED
LEAF 58 22016 22528 1024000 256000 258304 768000 nodes 1295 cap 0.950534999999999998574
JOB 314 PROVED
LEAF 61 22016 22528 1024000 256000 258304 768000 nodes 839 cap 0.959629999999999998468
JOB 317 PROVED
LEAF 63 22016 22528 1024000 256000 258304 768000 nodes 721 cap 0.955444999999999998496
JOB 319 PROVED
LEAF 62 22016 22528 1024000 256000 258304 768000 nodes 917 cap 0.953789999999999998546
JOB 318 PROVED
LEAF 49 22016 22528 1024000 256000 258304 768000 nodes 56093 cap 0.94855999999999999849
JOB 305 PROVED
LEAF 48 22016 22528 1024000 256000 258304 768000 nodes 196245 cap 0.945679999999999998525
JOB 304 PROVED
LEAF 64 22016 22528 1024000 256000 258304 768000 nodes 102137 cap 0.997259999999999998506
JOB 320 PROVED
LEAF 66 22016 22528 1024000 256000 258304 768000 nodes 225245 cap 1.06505999999999999837
JOB 322 PROVED
LEAF 67 22016 22528 1024000 256000 258304 768000 nodes 337171 cap 1.03361999999999999831
JOB 323 PROVED
LEAF 70 22016 22528 1024000 256000 258304 768000 nodes 77047 cap 0.996679999999999998448
JOB 326 PROVED
LEAF 71 22016 22528 1024000 256000 258304 768000 nodes 37833 cap 0.957494999999999998561
JOB 327 PROVED
LEAF 68 22016 22528 1024000 256000 258304 768000 nodes 325931 cap 1.05823999999999999826
JOB 324 PROVED
LEAF 73 22016 22528 1024000 256000 258304 768000 nodes 28837 cap 1.01424499999999999834
JOB 329 PROVED
LEAF 69 22016 22528 1024000 256000 258304 768000 nodes 223557 cap 1.01793499999999999837
JOB 325 PROVED
LEAF 75 22016 22528 1024000 256000 258304 768000 nodes 9671 cap 0.926359999999999998537
JOB 331 PROVED
LEAF 74 22016 22528 1024000 256000 258304 768000 nodes 14341 cap 0.991449999999999998446
JOB 330 PROVED
LEAF 77 22016 22528 1024000 256000 258304 768000 nodes 9977 cap 0.944654999999999998547
JOB 333 PROVED
LEAF 76 22016 22528 1024000 256000 258304 768000 nodes 15403 cap 0.941269999999999998505
JOB 332 PROVED
LEAF 78 22016 22528 1024000 256000 258304 768000 nodes 9487 cap 0.959734999999999998473
JOB 334 PROVED
LEAF 79 22016 22528 1024000 256000 258304 768000 nodes 8225 cap 0.927844999999999998529
JOB 335 PROVED
LEAF 72 22016 22528 1024000 256000 258304 768000 nodes 121537 cap 1.01793499999999999837
JOB 328 PROVED
LEAF 65 22016 22528 1024000 256000 258304 768000 nodes 233219 cap 1.02935999999999999841
JOB 321 PROVED
LEAF 82 22016 22528 1024000 256000 258304 768000 nodes 14341 cap 0.991449999999999998446
JOB 338 PROVED
LEAF 84 22016 22528 1024000 256000 258304 768000 nodes 6455 cap 0.971809999999999998486
JOB 340 PROVED
LEAF 85 22016 22528 1024000 256000 258304 768000 nodes 4427 cap 0.918179999999999998549
JOB 341 PROVED
LEAF 86 22016 22528 1024000 256000 258304 768000 nodes 3881 cap 0.899004999999999998616
JOB 342 PROVED
LEAF 83 22016 22528 1024000 256000 258304 768000 nodes 11141 cap 0.895129999999999998535
JOB 339 PROVED
LEAF 87 22016 22528 1024000 256000 258304 768000 nodes 2969 cap 0.906369999999999998526
JOB 343 PROVED
LEAF 89 22016 22528 1024000 256000 258304 768000 nodes 1647 cap 0.952889999999999998517
JOB 345 PROVED
LEAF 81 22016 22528 1024000 256000 258304 768000 nodes 45937 cap 1.00001499999999999831
JOB 337 PROVED
LEAF 90 22016 22528 1024000 256000 258304 768000 nodes 1337 cap 0.946549999999999998476
JOB 346 PROVED
LEAF 91 22016 22528 1024000 256000 258304 768000 nodes 837 cap 0.948319999999999998511
JOB 347 PROVED
LEAF 92 22016 22528 1024000 256000 258304 768000 nodes 1295 cap 0.950534999999999998574
JOB 348 PROVED
LEAF 93 22016 22528 1024000 256000 258304 768000 nodes 897 cap 0.955159999999999998508
JOB 349 PROVED
LEAF 88 22016 22528 1024000 256000 258304 768000 nodes 2373 cap 0.966299999999999998453
JOB 344 PROVED
LEAF 95 22016 22528 1024000 256000 258304 768000 nodes 749 cap 0.950889999999999998529
JOB 351 PROVED
LEAF 94 22016 22528 1024000 256000 258304 768000 nodes 901 cap 0.948819999999999998521
JOB 350 PROVED
LEAF 80 22016 22528 1024000 256000 258304 768000 nodes 84519 cap 0.992764999999999998479
JOB 336 PROVED
LEAF 98 22016 22528 1024000 256000 258304 768000 nodes 77047 cap 0.996679999999999998448
JOB 354 PROVED
LEAF 100 22016 22528 1024000 256000 258304 768000 nodes 16961 cap 0.972444999999999998525
JOB 356 PROVED
LEAF 101 22016 22528 1024000 256000 258304 768000 nodes 22315 cap 0.879674999999999998656
JOB 357 PROVED
LEAF 102 22016 22528 1024000 256000 258304 768000 nodes 19405 cap 0.824274999999999998684
JOB 358 PROVED
LEAF 103 22016 22528 1024000 256000 258304 768000 nodes 11097 cap 0.832884999999999998716
JOB 359 PROVED
LEAF 104 22016 22528 1024000 256000 258304 768000 nodes 6209 cap 0.951739999999999998536
JOB 360 PROVED
LEAF 105 22016 22528 1024000 256000 258304 768000 nodes 4515 cap 0.919979999999999998554
JOB 361 PROVED
LEAF 106 22016 22528 1024000 256000 258304 768000 nodes 3881 cap 0.899004999999999998616
JOB 362 PROVED
LEAF 107 22016 22528 1024000 256000 258304 768000 nodes 2613 cap 0.89568999999999999854
JOB 363 PROVED
LEAF 108 22016 22528 1024000 256000 258304 768000 nodes 3997 cap 0.89304499999999999865
JOB 364 PROVED
LEAF 109 22016 22528 1024000 256000 258304 768000 nodes 2903 cap 0.912269999999999998552
JOB 365 PROVED
LEAF 110 22016 22528 1024000 256000 258304 768000 nodes 2963 cap 0.902159999999999998543
JOB 366 PROVED
LEAF 111 22016 22528 1024000 256000 258304 768000 nodes 2481 cap 0.900014999999999998609
JOB 367 PROVED
LEAF 112 22016 22528 1024000 256000 258304 768000 nodes 65961 cap 0.948994999999999998492
JOB 368 PROVED
LEAF 113 22016 22528 1024000 256000 258304 768000 nodes 25823 cap 0.957894999999999998526
JOB 369 PROVED
LEAF 114 22016 22528 1024000 256000 258304 768000 nodes 9487 cap 0.959734999999999998473
JOB 370 PROVED
LEAF 115 22016 22528 1024000 256000 258304 768000 nodes 8233 cap 0.888194999999999998614
JOB 371 PROVED
LEAF 116 22016 22528 1024000 256000 258304 768000 nodes 4591 cap 0.960589999999999998547
JOB 372 PROVED
LEAF 117 22016 22528 1024000 256000 258304 768000 nodes 3381 cap 0.921334999999999998584
JOB 373 PROVED
LEAF 118 22016 22528 1024000 256000 258304 768000 nodes 2963 cap 0.902159999999999998543
JOB 374 PROVED
LEAF 119 22016 22528 1024000 256000 258304 768000 nodes 2435 cap 0.909909999999999998541
JOB 375 PROVED
LEAF 120 22016 22528 1024000 256000 258304 768000 nodes 1625 cap 0.968654999999999998504
JOB 376 PROVED
LEAF 121 22016 22528 1024000 256000 258304 768000 nodes 1151 cap 0.956344999999999998526
JOB 377 PROVED
LEAF 122 22016 22528 1024000 256000 258304 768000 nodes 901 cap 0.948819999999999998521
JOB 378 PROVED
LEAF 123 22016 22528 1024000 256000 258304 768000 nodes 697 cap 0.95010499999999999853
JOB 379 PROVED
LEAF 124 22016 22528 1024000 256000 258304 768000 nodes 917 cap 0.953789999999999998546
JOB 380 PROVED
LEAF 125 22016 22528 1024000 256000 258304 768000 nodes 753 cap 0.959014999999999998536
JOB 381 PROVED
LEAF 126 22016 22528 1024000 256000 258304 768000 nodes 795 cap 0.951889999999999998496
JOB 382 PROVED
LEAF 127 22016 22528 1024000 256000 258304 768000 nodes 629 cap 0.953744999999999998591
JOB 383 PROVED
LEAF 99 22016 22272 1024000 256000 258304 768000 nodes 74683 cap 0.866559999999999998626
LEAF 128 22016 22528 1024000 256000 258304 768000 nodes 32709 cap 0.943939999999999998515
JOB 384 PROVED
LEAF 99 22272 22528 1024000 256000 258304 768000 nodes 60257 cap 0.867519999999999998596
JOB 355 PROVED
LEAF 97 22016 22528 1024000 256000 258304 768000 nodes 448377 cap 1.01377999999999999842
JOB 353 PROVED
LEAF 129 22016 22528 1024000 256000 258304 768000 nodes 76117 cap 1.00043999999999999834
JOB 385 PROVED
LEAF 96 22016 22528 1024000 256000 258304 768000 nodes 275465 cap 1.01639999999999999835
JOB 352 PROVED
LEAF 132 22016 22528 1024000 256000 258304 768000 nodes 159099 cap 1.0717699999999999983
JOB 388 PROVED
LEAF 130 22016 22528 1024000 256000 258304 768000 nodes 233219 cap 1.02935999999999999841
JOB 386 PROVED
LEAF 131 22016 22528 1024000 256000 258304 768000 nodes 242621 cap 1.02899999999999999833
JOB 387 PROVED
LEAF 134 22016 22528 1024000 256000 258304 768000 nodes 448377 cap 1.01377999999999999842
JOB 390 PROVED
LEAF 133 22016 22528 1024000 256000 258304 768000 nodes 344503 cap 1.04141499999999999837
JOB 389 PROVED
LEAF 135 22016 22528 1024000 256000 258304 768000 nodes 220359 cap 0.974739999999999998473
JOB 391 PROVED
LEAF 139 22016 22528 1024000 256000 258304 768000 nodes 28407 cap 0.924514999999999998577
JOB 395 PROVED
LEAF 138 22016 22528 1024000 256000 258304 768000 nodes 45937 cap 1.00001499999999999831
JOB 394 PROVED
LEAF 137 22016 22528 1024000 256000 258304 768000 nodes 138679 cap 1.01851499999999999837
JOB 393 PROVED
LEAF 142 22016 22528 1024000 256000 258304 768000 nodes 25823 cap 0.957894999999999998526
JOB 398 PROVED
LEAF 141 22016 22528 1024000 256000 258304 768000 nodes 33167 cap 0.933709999999999998516
JOB 397 PROVED
LEAF 143 22016 22528 1024000 256000 258304 768000 nodes 23703 cap 0.919999999999999998498
JOB 399 PROVED
LEAF 140 22016 22528 1024000 256000 258304 768000 nodes 56093 cap 0.94855999999999999849
JOB 396 PROVED
LEAF 146 22016 22528 1024000 256000 258304 768000 nodes 28837 cap 1.01424499999999999834
JOB 402 PROVED
LEAF 147 22016 22528 1024000 256000 258304 768000 nodes 11851 cap 0.939514999999999998509
JOB 403 PROVED
LEAF 148 22016 22528 1024000 256000 258304 768000 nodes 8321 cap 1.00452499999999999832
JOB 404 PROVED
LEAF 149 22016 22528 1024000 256000 258304 768000 nodes 5223 cap 0.947834999999999998539
JOB 405 PROVED
LEAF 150 22016 22528 1024000 256000 258304 768000 nodes 4515 cap 0.919979999999999998554
JOB 406 PROVED
LEAF 151 22016 22528 1024000 256000 258304 768000 nodes 3487 cap 0.924274999999999998543
JOB 407 PROVED
LEAF 152 22016 22528 1024000 256000 258304 768000 nodes 3047 cap 0.985189999999999998506
JOB 408 PROVED
LEAF 153 22016 22528 1024000 256000 258304 768000 nodes 2001 cap 0.962799999999999998543
JOB 409 PROVED
LEAF 154 22016 22528 1024000 256000 258304 768000 nodes 1647 cap 0.952889999999999998517
JOB 410 PROVED
LEAF 155 22016 22528 1024000 256000 258304 768000 nodes 1029 cap 0.95277499999999999854
JOB 411 PROVED
LEAF 145 22016 22528 1024000 256000 258304 768000 nodes 138679 cap 1.01851499999999999837
JOB 401 PROVED
LEAF 157 22016 22528 1024000 256000 258304 768000 nodes 1145 cap 0.963784999999999998525
JOB 413 PROVED
LEAF 156 22016 22528 1024000 256000 258304 768000 nodes 1611 cap 0.958559999999999998481
JOB 412 PROVED
LEAF 158 22016 22528 1024000 256000 258304 768000 nodes 1151 cap 0.956344999999999998526
JOB 414 PROVED
LEAF 159 22016 22528 1024000 256000 258304 768000 nodes 951 cap 0.956129999999999998558
JOB 415 PROVED
LEAF 136 22016 22528 1024000 256000 258304 768000 nodes 474731 cap 1.03867999999999999824
JOB 392 PROVED
LEAF 160 22016 22528 1024000 256000 258304 768000 nodes 227119 cap 1.03829999999999999833
JOB 416 PROVED
LEAF 163 22016 22528 1024000 256000 258304 768000 nodes 43571 cap 0.947779999999999998449
JOB 419 PROVED
LEAF 164 22016 22528 1024000 256000 258304 768000 nodes 24557 cap 1.01136499999999999837
JOB 420 PROVED
LEAF 165 22016 22528 1024000 256000 258304 768000 nodes 15001 cap 0.943559999999999998548
JOB 421 PROVED
LEAF 166 22016 22528 1024000 256000 258304 768000 nodes 22315 cap 0.879674999999999998656
JOB 422 PROVED
LEAF 162 22016 22528 1024000 256000 258304 768000 nodes 223557 cap 1.01793499999999999837
JOB 418 PROVED
LEAF 167 22016 22528 1024000 256000 258304 768000 nodes 11079 cap 0.876209999999999998566
JOB 423 PROVED
LEAF 168 22016 22528 1024000 256000 258304 768000 nodes 6765 cap 0.989524999999999998492
JOB 424 PROVED
LEAF 169 22016 22528 1024000 256000 258304 768000 nodes 5223 cap 0.947834999999999998539
JOB 425 PROVED
LEAF 170 22016 22528 1024000 256000 258304 768000 nodes 4427 cap 0.918179999999999998549
JOB 426 PROVED
LEAF 171 22016 22528 1024000 256000 258304 768000 nodes 2911 cap 0.907439999999999998514
JOB 427 PROVED
LEAF 173 22016 22528 1024000 256000 258304 768000 nodes 3341 cap 0.931644999999999998575
JOB 429 PROVED
LEAF 172 22016 22528 1024000 256000 258304 768000 nodes 4349 cap 0.913959999999999998539
JOB 428 PROVED
LEAF 175 22016 22528 1024000 256000 258304 768000 nodes 2733 cap 0.913064999999999998523
JOB 431 PROVED
LEAF 174 22016 22528 1024000 256000 258304 768000 nodes 3381 cap 0.921334999999999998584
JOB 430 PROVED
LEAF 161 22016 22528 1024000 256000 258304 768000 nodes 344503 cap 1.04141499999999999837
JOB 417 PROVED
LEAF 178 22016 22528 1024000 256000 258304 768000 nodes 9977 cap 0.944654999999999998547
JOB 434 PROVED
LEAF 179 22016 22528 1024000 256000 258304 768000 nodes 7223 cap 0.888999999999999998611
JOB 435 PROVED
LEAF 180 22016 22528 1024000 256000 258304 768000 nodes 4335 cap 0.959519999999999998505
JOB 436 PROVED
LEAF 181 22016 22528 1024000 256000 258304 768000 nodes 3341 cap 0.931644999999999998575
JOB 437 PROVED
LEAF 182 22016 22528 1024000 256000 258304 768000 nodes 2903 cap 0.912269999999999998552
JOB 438 PROVED
LEAF 177 22016 22528 1024000 256000 258304 768000 nodes 33167 cap 0.933709999999999998516
JOB 433 PROVED
LEAF 183 22016 22528 1024000 256000 258304 768000 nodes 2275 cap 0.919719999999999998522
JOB 439 PROVED
LEAF 184 22016 22528 1024000 256000 258304 768000 nodes 1621 cap 0.974209999999999998492
JOB 440 PROVED
LEAF 185 22016 22528 1024000 256000 258304 768000 nodes 1145 cap 0.963784999999999998525
JOB 441 PROVED
LEAF 186 22016 22528 1024000 256000 258304 768000 nodes 897 cap 0.955159999999999998508
JOB 442 PROVED
LEAF 187 22016 22528 1024000 256000 258304 768000 nodes 617 cap 0.955244999999999998514
JOB 443 PROVED
LEAF 188 22016 22528 1024000 256000 258304 768000 nodes 839 cap 0.959629999999999998468
JOB 444 PROVED
LEAF 189 22016 22528 1024000 256000 258304 768000 nodes 693 cap 0.965939999999999998485
JOB 445 PROVED
LEAF 191 22016 22528 1024000 256000 258304 768000 nodes 589 cap 0.959684999999999998504
JOB 447 PROVED
LEAF 190 22016 22528 1024000 256000 258304 768000 nodes 753 cap 0.959014999999999998536
JOB 446 PROVED
LEAF 144 22016 22528 1024000 256000 258304 768000 nodes 326529 cap 1.0117099999999999983
JOB 400 PROVED
LEAF 192 22016 22528 1024000 256000 258304 768000 nodes 180829 cap 0.997059999999999998469
JOB 448 PROVED
LEAF 176 22016 22272 1024000 256000 258304 768000 nodes 270309 cap 0.918959999999999998535
LEAF 193 22016 22528 1024000 256000 258304 768000 nodes 242621 cap 1.02899999999999999833
JOB 449 PROVED
LEAF 195 22016 22528 1024000 256000 258304 768000 nodes 207935 cap 0.972094999999999998474
JOB 451 PROVED
LEAF 196 22016 22528 1024000 256000 258304 768000 nodes 117783 cap 1.0096799999999999984
JOB 452 PROVED
LEAF 197 22016 22528 1024000 256000 258304 768000 nodes 43571 cap 0.947779999999999998449
JOB 453 PROVED
LEAF 199 22016 22528 1024000 256000 258304 768000 nodes 41563 cap 0.841134999999999998617
JOB 455 PROVED
LEAF 200 22016 22528 1024000 256000 258304 768000 nodes 15183 cap 0.984479999999999998541
JOB 456 PROVED
LEAF 201 22016 22528 1024000 256000 258304 768000 nodes 11851 cap 0.939514999999999998509
JOB 457 PROVED
LEAF 176 22272 22528 1024000 256000 258304 768000 nodes 283145 cap 0.921319999999999998491
JOB 432 PROVED
LEAF 202 22016 22528 1024000 256000 258304 768000 nodes 11141 cap 0.895129999999999998535
JOB 458 PROVED
LEAF 203 22016 22528 1024000 256000 258304 768000 nodes 7307 cap 0.861089999999999998644
JOB 459 PROVED
LEAF 205 22016 22528 1024000 256000 258304 768000 nodes 7223 cap 0.888999999999999998611
JOB 461 PROVED
LEAF 204 22016 22528 1024000 256000 258304 768000 nodes 11507 cap 0.862734999999999998676
JOB 460 PROVED
LEAF 206 22016 22528 1024000 256000 258304 768000 nodes 8233 cap 0.888194999999999998614
JOB 462 PROVED
LEAF 207 22016 22528 1024000 256000 258304 768000 nodes 6701 cap 0.864344999999999998616
JOB 463 PROVED
LEAF 209 22016 22528 1024000 256000 258304 768000 nodes 28407 cap 0.924514999999999998577
JOB 465 PROVED
LEAF 210 22016 22528 1024000 256000 258304 768000 nodes 9671 cap 0.926359999999999998537
JOB 466 PROVED
LEAF 211 22016 22528 1024000 256000 258304 768000 nodes 7307 cap 0.861089999999999998644
JOB 467 PROVED
LEAF 212 22016 22528 1024000 256000 258304 768000 nodes 4513 cap 0.932904999999999998573
JOB 468 PROVED
LEAF 208 22016 22528 1024000 256000 258304 768000 nodes 53293 cap 0.921594999999999998507
JOB 464 PROVED
LEAF 213 22016 22528 1024000 256000 258304 768000 nodes 2911 cap 0.907439999999999998514
JOB 469 PROVED
LEAF 214 22016 22528 1024000 256000 258304 768000 nodes 2613 cap 0.89568999999999999854
JOB 470 PROVED
LEAF 215 22016 22528 1024000 256000 258304 768000 nodes 2099 cap 0.903569999999999998555
JOB 471 PROVED
LEAF 216 22016 22528 1024000 256000 258304 768000 nodes 1459 cap 0.957359999999999998532
JOB 472 PROVED
LEAF 217 22016 22528 1024000 256000 258304 768000 nodes 1029 cap 0.95277499999999999854
JOB 473 PROVED
LEAF 219 22016 22528 1024000 256000 258304 768000 nodes 515 cap 0.95050499999999999855
JOB 475 PROVED
LEAF 218 22016 22528 1024000 256000 258304 768000 nodes 837 cap 0.948319999999999998511
JOB 474 PROVED
LEAF 221 22016 22528 1024000 256000 258304 768000 nodes 617 cap 0.955244999999999998514
JOB 477 PROVED
LEAF 220 22016 22528 1024000 256000 258304 768000 nodes 787 cap 0.951304999999999998534
JOB 476 PROVED
LEAF 223 22016 22528 1024000 256000 258304 768000 nodes 507 cap 0.952959999999999998484
JOB 479 PROVED
LEAF 222 22016 22528 1024000 256000 258304 768000 nodes 697 cap 0.95010499999999999853
JOB 478 PROVED
LEAF 198 22016 22272 1024000 256000 258304 768000 nodes 74683 cap 0.866559999999999998626
LEAF 198 22272 22528 1024000 256000 258304 768000 nodes 60257 cap 0.867519999999999998596
JOB 454 PROVED
LEAF 226 22016 22528 1024000 256000 258304 768000 nodes 37833 cap 0.957494999999999998561
JOB 482 PROVED
LEAF 194 22016 22528 1024000 256000 258304 768000 nodes 337171 cap 1.03361999999999999831
JOB 450 PROVED
LEAF 227 22016 22528 1024000 256000 258304 768000 nodes 41563 cap 0.841134999999999998617
JOB 483 PROVED
LEAF 229 22016 22528 1024000 256000 258304 768000 nodes 11079 cap 0.876209999999999998566
JOB 485 PROVED
LEAF 228 22016 22528 1024000 256000 258304 768000 nodes 12181 cap 0.943714999999999998521
JOB 484 PROVED
LEAF 230 22016 22528 1024000 256000 258304 768000 nodes 11097 cap 0.832884999999999998716
JOB 486 PROVED
LEAF 232 22016 22528 1024000 256000 258304 768000 nodes 4521 cap 0.945554999999999998522
JOB 488 PROVED
LEAF 233 22016 22528 1024000 256000 258304 768000 nodes 3487 cap 0.924274999999999998543
JOB 489 PROVED
LEAF 234 22016 22528 1024000 256000 258304 768000 nodes 2969 cap 0.906369999999999998526
JOB 490 PROVED
LEAF 235 22016 22528 1024000 256000 258304 768000 nodes 2099 cap 0.903569999999999998555
JOB 491 PROVED
LEAF 231 22016 22528 1024000 256000 258304 768000 nodes 7791 cap 0.843524999999999998651
JOB 487 PROVED
LEAF 236 22016 22528 1024000 256000 258304 768000 nodes 3001 cap 0.903119999999999998567
JOB 492 PROVED
LEAF 238 22016 22528 1024000 256000 258304 768000 nodes 2435 cap 0.909909999999999998541
JOB 494 PROVED
LEAF 239 22016 22528 1024000 256000 258304 768000 nodes 1999 cap 0.908294999999999998588
JOB 495 PROVED
LEAF 237 22016 22528 1024000 256000 258304 768000 nodes 2275 cap 0.919719999999999998522
JOB 493 PROVED
LEAF 240 22016 22528 1024000 256000 258304 768000 nodes 41999 cap 0.916179999999999998507
JOB 496 PROVED
LEAF 242 22016 22528 1024000 256000 258304 768000 nodes 8225 cap 0.927844999999999998529
JOB 498 PROVED
LEAF 243 22016 22528 1024000 256000 258304 768000 nodes 6701 cap 0.864344999999999998616
JOB 499 PROVED
LEAF 244 22016 22528 1024000 256000 258304 768000 nodes 3991 cap 0.939499999999999998524
JOB 500 PROVED
LEAF 245 22016 22528 1024000 256000 258304 768000 nodes 2733 cap 0.913064999999999998523
JOB 501 PROVED
LEAF 246 22016 22528 1024000 256000 258304 768000 nodes 2481 cap 0.900014999999999998609
JOB 502 PROVED
LEAF 247 22016 22528 1024000 256000 258304 768000 nodes 1999 cap 0.908294999999999998588
JOB 503 PROVED
LEAF 248 22016 22528 1024000 256000 258304 768000 nodes 1339 cap 0.962599999999999998506
JOB 504 PROVED
LEAF 249 22016 22528 1024000 256000 258304 768000 nodes 951 cap 0.956129999999999998558
JOB 505 PROVED
LEAF 250 22016 22528 1024000 256000 258304 768000 nodes 749 cap 0.950889999999999998529
JOB 506 PROVED
LEAF 251 22016 22528 1024000 256000 258304 768000 nodes 507 cap 0.952959999999999998484
JOB 507 PROVED
LEAF 252 22016 22528 1024000 256000 258304 768000 nodes 721 cap 0.955444999999999998496
JOB 508 PROVED
LEAF 253 22016 22528 1024000 256000 258304 768000 nodes 589 cap 0.959684999999999998504
JOB 509 PROVED
LEAF 254 22016 22528 1024000 256000 258304 768000 nodes 629 cap 0.953744999999999998591
JOB 510 PROVED
LEAF 255 22016 22528 1024000 256000 258304 768000 nodes 495 cap 0.956699999999999998481
JOB 511 PROVED
LEAF 241 22016 22528 1024000 256000 258304 768000 nodes 23703 cap 0.919999999999999998498
JOB 497 PROVED
LEAF 0 22528 23040 1024000 256000 258304 768000 nodes 22401 cap 0.865224999999999998648
JOB 512 PROVED
LEAF 225 22016 22528 1024000 256000 258304 768000 nodes 220359 cap 0.974739999999999998473
JOB 481 PROVED
LEAF 1 22528 23040 1024000 256000 258304 768000 nodes 31511 cap 0.942524999999999998544
JOB 513 PROVED
LEAF 2 22528 23040 1024000 256000 258304 768000 nodes 94693 cap 0.996624999999999998467
JOB 514 PROVED
LEAF 224 22016 22528 1024000 256000 258304 768000 nodes 301883 cap 0.980779999999999998486
JOB 480 PROVED
LEAF 3 22528 23040 1024000 256000 258304 768000 nodes 175279 cap 0.995799999999999998525
JOB 515 PROVED
LEAF 5 22528 23040 1024000 256000 258304 768000 nodes 226877 cap 1.03899999999999999832
JOB 517 PROVED
LEAF 6 22528 23040 1024000 256000 258304 768000 nodes 272109 cap 1.01749999999999999831
JOB 518 PROVED
LEAF 4 22528 23040 1024000 256000 258304 768000 nodes 173151 cap 1.04362499999999999842
JOB 516 PROVED
LEAF 7 22528 23040 1024000 256000 258304 768000 nodes 306477 cap 0.982939999999999998459
JOB 519 PROVED
LEAF 11 22528 23040 1024000 256000 258304 768000 nodes 54291 cap 0.924159999999999998513
JOB 523 PROVED
LEAF 10 22528 23040 1024000 256000 258304 768000 nodes 89443 cap 0.994319999999999998438
JOB 522 PROVED
LEAF 9 22528 23040 1024000 256000 258304 768000 nodes 326913 cap 1.01387999999999999836
JOB 521 PROVED
LEAF 12 22528 23040 1024000 256000 258304 768000 nodes 210083 cap 0.949239999999999998538
JOB 524 PROVED
LEAF 8 22528 23040 1024000 256000 258304 768000 nodes 363619 cap 1.04265999999999999838
JOB 520 PROVED
LEAF 14 22528 23040 1024000 256000 258304 768000 nodes 69395 cap 0.952359999999999998536
JOB 526 PROVED
LEAF 15 22528 23040 1024000 256000 258304 768000 nodes 42827 cap 0.919039999999999998528
JOB 527 PROVED
LEAF 18 22528 23040 1024000 256000 258304 768000 nodes 127629 cap 1.01887999999999999835
JOB 530 PROVED
LEAF 19 22528 23040 1024000 256000 258304 768000 nodes 15559 cap 0.98483999999999999851
JOB 531 PROVED
LEAF 20 22528 23040 1024000 256000 258304 768000 nodes 17109 cap 1.01509999999999999841
JOB 532 PROVED
LEAF 21 22528 23040 1024000 256000 258304 768000 nodes 6817 cap 0.989699999999999998463
JOB 533 PROVED
LEAF 22 22528 23040 1024000 256000 258304 768000 nodes 6159 cap 0.952119999999999998503
JOB 534 PROVED
LEAF 23 22528 23040 1024000 256000 258304 768000 nodes 4515 cap 0.945939999999999998502
JOB 535 PROVED
LEAF 16 22528 23040 1024000 256000 258304 768000 nodes 363619 cap 1.04265999999999999838
JOB 528 PROVED
LEAF 25 22528 23040 1024000 256000 258304 768000 nodes 3021 cap 0.985319999999999998413
JOB 537 PROVED
LEAF 24 22528 23040 1024000 256000 258304 768000 nodes 4257 cap 1.00705999999999999836
JOB 536 PROVED
LEAF 26 22528 23040 1024000 256000 258304 768000 nodes 2357 cap 0.966499999999999998436
JOB 538 PROVED
LEAF 28 22528 23040 1024000 256000 258304 768000 nodes 2119 cap 0.964939999999999998518
JOB 540 PROVED
LEAF 27 22528 23040 1024000 256000 258304 768000 nodes 1457 cap 0.957579999999999998512
JOB 539 PROVED
LEAF 29 22528 23040 1024000 256000 258304 768000 nodes 1623 cap 0.97437999999999999845
JOB 541 PROVED
LEAF 30 22528 23040 1024000 256000 258304 768000 nodes 1619 cap 0.968839999999999998502
JOB 542 PROVED
LEAF 31 22528 23040 1024000 256000 258304 768000 nodes 1333 cap 0.962799999999999998489
JOB 543 PROVED
LEAF 33 22528 23040 1024000 256000 258304 768000 nodes 160205 cap 1.07195999999999999825
JOB 545 PROVED
LEAF 32 22528 23040 1024000 256000 258304 768000 nodes 173151 cap 1.04362499999999999842
JOB 544 PROVED
LEAF 13 22528 22784 1024000 256000 258304 768000 nodes 297315 cap 0.923679999999999998501
LEAF 17 22528 23040 1024000 256000 258304 768000 nodes 447061 cap 1.0411399999999999983
JOB 529 PROVED
LEAF 35 22528 23040 1024000 256000 258304 768000 nodes 123535 cap 1.00983999999999999838
JOB 547 PROVED
LEAF 37 22528 23040 1024000 256000 258304 768000 nodes 25165 cap 1.01141999999999999841
JOB 549 PROVED
LEAF 38 22528 23040 1024000 256000 258304 768000 nodes 17039 cap 0.972959999999999998466
JOB 550 PROVED
LEAF 39 22528 23040 1024000 256000 258304 768000 nodes 12233 cap 0.944419999999999998473
JOB 551 PROVED
LEAF 40 22528 23040 1024000 256000 258304 768000 nodes 17109 cap 1.01509999999999999841
JOB 552 PROVED
LEAF 34 22528 23040 1024000 256000 258304 768000 nodes 338443 cap 1.06001999999999999827
JOB 546 PROVED
LEAF 41 22528 23040 1024000 256000 258304 768000 nodes 8439 cap 1.00459999999999999841
JOB 553 PROVED
LEAF 43 22528 23040 1024000 256000 258304 768000 nodes 4529 cap 0.933339999999999998576
JOB 555 PROVED
LEAF 42 22528 23040 1024000 256000 258304 768000 nodes 6477 cap 0.972079999999999998489
JOB 554 PROVED
LEAF 45 22528 23040 1024000 256000 258304 768000 nodes 4361 cap 0.95985999999999999853
JOB 557 PROVED
LEAF 44 22528 23040 1024000 256000 258304 768000 nodes 6135 cap 0.945399999999999998495
JOB 556 PROVED
LEAF 47 22528 23040 1024000 256000 258304 768000 nodes 3973 cap 0.939899999999999998543
JOB 559 PROVED
LEAF 46 22528 23040 1024000 256000 258304 768000 nodes 4595 cap 0.960919999999999998491
JOB 558 PROVED
LEAF 36 22528 23040 1024000 256000 258304 768000 nodes 180493 cap 1.01509999999999999841
JOB 548 PROVED
LEAF 50 22528 23040 1024000 256000 258304 768000 nodes 15843 cap 0.942059999999999998517
JOB 562 PROVED
LEAF 51 22528 23040 1024000 256000 258304 768000 nodes 11337 cap 0.863879999999999998644
JOB 563 PROVED
LEAF 52 22528 23040 1024000 256000 258304 768000 nodes 6135 cap 0.945399999999999998495
JOB 564 PROVED
LEAF 53 22528 23040 1024000 256000 258304 768000 nodes 4351 cap 0.914479999999999998548
JOB 565 PROVED
LEAF 49 22528 23040 1024000 256000 258304 768000 nodes 57529 cap 0.950979999999999998494
JOB 561 PROVED
LEAF 55 22528 23040 1024000 256000 258304 768000 nodes 2999 cap 0.903659999999999998574
JOB 567 PROVED
LEAF 54 22528 23040 1024000 256000 258304 768000 nodes 3985 cap 0.893659999999999998583
JOB 566 PROVED
LEAF 57 22528 23040 1024000 256000 258304 768000 nodes 1615 cap 0.958779999999999998462
JOB 569 PROVED
LEAF 56 22528 23040 1024000 256000 258304 768000 nodes 2119 cap 0.964939999999999998518
JOB 568 PROVED
LEAF 58 22528 23040 1024000 256000 258304 768000 nodes 1291 cap 0.950779999999999998512
JOB 570 PROVED
LEAF 59 22528 23040 1024000 256000 258304 768000 nodes 767 cap 0.951539999999999998499
JOB 571 PROVED
LEAF 60 22528 23040 1024000 256000 258304 768000 nodes 1117 cap 0.95051999999999999848
JOB 572 PROVED
LEAF 61 22528 23040 1024000 256000 258304 768000 nodes 837 cap 0.959839999999999998477
JOB 573 PROVED
LEAF 63 22528 23040 1024000 256000 258304 768000 nodes 721 cap 0.955659999999999998518
JOB 575 PROVED
LEAF 62 22528 23040 1024000 256000 258304 768000 nodes 917 cap 0.954019999999999998445
JOB 574 PROVED
LEAF 64 22528 23040 1024000 256000 258304 768000 nodes 94693 cap 0.996624999999999998467
JOB 576 PROVED
LEAF 48 22528 23040 1024000 256000 258304 768000 nodes 210083 cap 0.949239999999999998538
JOB 560 PROVED
LEAF 65 22528 23040 1024000 256000 258304 768000 nodes 229663 cap 1.02844999999999999841
JOB 577 PROVED
LEAF 66 22528 23040 1024000 256000 258304 768000 nodes 221971 cap 1.06404999999999999832
JOB 578 PROVED
LEAF 13 22784 23040 1024000 256000 258304 768000 nodes 313669 cap 0.926039999999999998511
JOB 525 PROVED
LEAF 67 22528 23040 1024000 256000 258304 768000 nodes 337429 cap 1.03405999999999999838
JOB 579 PROVED
LEAF 71 22528 23040 1024000 256000 258304 768000 nodes 39337 cap 0.958559999999999998481
JOB 583 PROVED
LEAF 69 22528 23040 1024000 256000 258304 768000 nodes 226975 cap 1.01887999999999999835
JOB 581 PROVED
LEAF 70 22528 23040 1024000 256000 258304 768000 nodes 81645 cap 0.997139999999999998462
JOB 582 PROVED
LEAF 68 22528 23040 1024000 256000 258304 768000 nodes 338443 cap 1.06001999999999999827
JOB 580 PROVED
LEAF 73 22528 23040 1024000 256000 258304 768000 nodes 29913 cap 1.01425999999999999827
JOB 585 PROVED
LEAF 75 22528 23040 1024000 256000 258304 768000 nodes 9653 cap 0.927079999999999998474
JOB 587 PROVED
LEAF 76 22528 23040 1024000 256000 258304 768000 nodes 15843 cap 0.942059999999999998517
JOB 588 PROVED
LEAF 77 22528 23040 1024000 256000 258304 768000 nodes 10231 cap 0.945339999999999998501
JOB 589 PROVED
LEAF 78 22528 23040 1024000 256000 258304 768000 nodes 9665 cap 0.960279999999999998493
JOB 590 PROVED
LEAF 74 22528 23040 1024000 256000 258304 768000 nodes 14645 cap 0.991699999999999998505
JOB 586 PROVED
LEAF 79 22528 23040 1024000 256000 258304 768000 nodes 8249 cap 0.928559999999999998561
JOB 591 PROVED
LEAF 82 22528 23040 1024000 256000 258304 768000 nodes 14645 cap 0.991699999999999998505
JOB 594 PROVED
LEAF 83 22528 23040 1024000 256000 258304 768000 nodes 10749 cap 0.8959399999999999986
JOB 595 PROVED
LEAF 84 22528 23040 1024000 256000 258304 768000 nodes 6477 cap 0.972079999999999998489
JOB 596 PROVED
LEAF 72 22528 23040 1024000 256000 258304 768000 nodes 127629 cap 1.01887999999999999835
JOB 584 PROVED
LEAF 85 22528 23040 1024000 256000 258304 768000 nodes 4361 cap 0.918639999999999998563
JOB 597 PROVED
LEAF 86 22528 23040 1024000 256000 258304 768000 nodes 3837 cap 0.89953999999999999861
JOB 598 PROVED
LEAF 87 22528 23040 1024000 256000 258304 768000 nodes 2941 cap 0.906859999999999998565
JOB 599 PROVED
LEAF 88 22528 23040 1024000 256000 258304 768000 nodes 2357 cap 0.966499999999999998436
JOB 600 PROVED
LEAF 89 22528 23040 1024000 256000 258304 768000 nodes 1649 cap 0.953119999999999998578
JOB 601 PROVED
LEAF 91 22528 23040 1024000 256000 258304 768000 nodes 833 cap 0.948559999999999998544
JOB 603 PROVED
LEAF 90 22528 23040 1024000 256000 258304 768000 nodes 1337 cap 0.946799999999999998481
JOB 602 PROVED
LEAF 93 22528 23040 1024000 256000 258304 768000 nodes 897 cap 0.955379999999999998488
JOB 605 PROVED
LEAF 92 22528 23040 1024000 256000 258304 768000 nodes 1291 cap 0.950779999999999998512
JOB 604 PROVED
LEAF 94 22528 23040 1024000 256000 258304 768000 nodes 901 cap 0.949059999999999998554
JOB 606 PROVED
LEAF 95 22528 23040 1024000 256000 258304 768000 nodes 745 cap 0.951119999999999998536
JOB 607 PROVED
LEAF 80 22528 23040 1024000 256000 258304 768000 nodes 89443 cap 0.994319999999999998438
JOB 592 PROVED
LEAF 81 22528 23040 1024000 256000 258304 768000 nodes 49179 cap 1.00031999999999999835
JOB 593 PROVED
LEAF 98 22528 23040 1024000 256000 258304 768000 nodes 81645 cap 0.997139999999999998462
JOB 610 PROVED
LEAF 100 22528 23040 1024000 256000 258304 768000 nodes 17039 cap 0.972959999999999998466
JOB 612 PROVED
LEAF 101 22528 23040 1024000 256000 258304 768000 nodes 18915 cap 0.88069999999999999858
JOB 613 PROVED
LEAF 102 22528 23040 1024000 256000 258304 768000 nodes 17893 cap 0.825599999999999998636
JOB 614 PROVED
LEAF 103 22528 23040 1024000 256000 258304 768000 nodes 10825 cap 0.834079999999999998652
JOB 615 PROVED
LEAF 104 22528 23040 1024000 256000 258304 768000 nodes 6159 cap 0.952119999999999998503
JOB 616 PROVED
LEAF 105 22528 23040 1024000 256000 258304 768000 nodes 4411 cap 0.920439999999999998568
JOB 617 PROVED
LEAF 106 22528 23040 1024000 256000 258304 768000 nodes 3837 cap 0.89953999999999999861
JOB 618 PROVED
LEAF 107 22528 23040 1024000 256000 258304 768000 nodes 2603 cap 0.896219999999999998575
JOB 619 PROVED
LEAF 108 22528 23040 1024000 256000 258304 768000 nodes 3985 cap 0.893659999999999998583
JOB 620 PROVED
LEAF 109 22528 23040 1024000 256000 258304 768000 nodes 2859 cap 0.91275999999999999859
JOB 621 PROVED
LEAF 110 22528 23040 1024000 256000 258304 768000 nodes 2925 cap 0.902679999999999998551
JOB 622 PROVED
LEAF 111 22528 23040 1024000 256000 258304 768000 nodes 2453 cap 0.900519999999999998578
JOB 623 PROVED
LEAF 112 22528 23040 1024000 256000 258304 768000 nodes 69395 cap 0.952359999999999998536
JOB 624 PROVED
LEAF 113 22528 23040 1024000 256000 258304 768000 nodes 26949 cap 0.959759999999999998484
JOB 625 PROVED
LEAF 114 22528 23040 1024000 256000 258304 768000 nodes 9665 cap 0.960279999999999998493
JOB 626 PROVED
LEAF 115 22528 23040 1024000 256000 258304 768000 nodes 8063 cap 0.889059999999999998552
JOB 627 PROVED
LEAF 116 22528 23040 1024000 256000 258304 768000 nodes 4595 cap 0.960919999999999998491
JOB 628 PROVED
LEAF 117 22528 23040 1024000 256000 258304 768000 nodes 3331 cap 0.921779999999999998559
JOB 629 PROVED
LEAF 118 22528 23040 1024000 256000 258304 768000 nodes 2925 cap 0.902679999999999998551
JOB 630 PROVED
LEAF 119 22528 23040 1024000 256000 258304 768000 nodes 2401 cap 0.910379999999999998473
JOB 631 PROVED
LEAF 120 22528 23040 1024000 256000 258304 768000 nodes 1619 cap 0.968839999999999998502
JOB 632 PROVED
LEAF 121 22528 23040 1024000 256000 258304 768000 nodes 1129 cap 0.956559999999999998493
JOB 633 PROVED
LEAF 122 22528 23040 1024000 256000 258304 768000 nodes 901 cap 0.949059999999999998554
JOB 634 PROVED
LEAF 123 22528 23040 1024000 256000 258304 768000 nodes 697 cap 0.950339999999999998442
JOB 635 PROVED
LEAF 124 22528 23040 1024000 256000 258304 768000 nodes 917 cap 0.954019999999999998445
JOB 636 PROVED
LEAF 125 22528 23040 1024000 256000 258304 768000 nodes 749 cap 0.959219999999999998477
JOB 637 PROVED
LEAF 126 22528 23040 1024000 256000 258304 768000 nodes 789 cap 0.952119999999999998503
JOB 638 PROVED
LEAF 127 22528 23040 1024000 256000 258304 768000 nodes 629 cap 0.953959999999999998504
JOB 639 PROVED
LEAF 128 22528 23040 1024000 256000 258304 768000 nodes 31511 cap 0.942524999999999998544
JOB 640 PROVED
LEAF 129 22528 23040 1024000 256000 258304 768000 nodes 71281 cap 0.999974999999999998471
JOB 641 PROVED
LEAF 96 22528 23040 1024000 256000 258304 768000 nodes 272109 cap 1.01749999999999999831
JOB 608 PROVED
LEAF 97 22528 23040 1024000 256000 258304 768000 nodes 425361 cap 1.01553999999999999837
JOB 609 PROVED
LEAF 130 22528 23040 1024000 256000 258304 768000 nodes 229663 cap 1.02844999999999999841
JOB 642 PROVED
LEAF 131 22528 23040 1024000 256000 258304 768000 nodes 247525 cap 1.02799999999999999842
JOB 643 PROVED
LEAF 132 22528 23040 1024000 256000 258304 768000 nodes 160205 cap 1.07195999999999999825
JOB 644 PROVED
LEAF 99 22528 22784 1024000 256000 258304 768000 nodes 53351 cap 0.86847999999999999862
LEAF 99 22784 23040 1024000 256000 258304 768000 nodes 48953 cap 0.869439999999999998644
JOB 611 PROVED
LEAF 135 22528 23040 1024000 256000 258304 768000 nodes 230071 cap 0.976919999999999998445
JOB 647 PROVED
LEAF 133 22528 23040 1024000 256000 258304 768000 nodes 331983 cap 1.04301999999999999835
JOB 645 PROVED
LEAF 134 22528 23040 1024000 256000 258304 768000 nodes 425361 cap 1.01553999999999999837
JOB 646 PROVED
LEAF 137 22528 23040 1024000 256000 258304 768000 nodes 144749 cap 1.01991999999999999837
JOB 649 PROVED
LEAF 139 22528 23040 1024000 256000 258304 768000 nodes 30487 cap 0.925219999999999998583
JOB 651 PROVED
LEAF 138 22528 23040 1024000 256000 258304 768000 nodes 49179 cap 1.00031999999999999835
JOB 650 PROVED
LEAF 142 22528 23040 1024000 256000 258304 768000 nodes 26949 cap 0.959759999999999998484
JOB 654 PROVED
LEAF 141 22528 23040 1024000 256000 258304 768000 nodes 34655 cap 0.936579999999999998509
JOB 653 PROVED
LEAF 143 22528 23040 1024000 256000 258304 768000 nodes 25201 cap 0.920899999999999998527
JOB 655 PROVED
LEAF 140 22528 23040 1024000 256000 258304 768000 nodes 57529 cap 0.950979999999999998494
JOB 652 PROVED
LEAF 146 22528 23040 1024000 256000 258304 768000 nodes 29913 cap 1.01425999999999999827
JOB 658 PROVED
LEAF 147 22528 23040 1024000 256000 258304 768000 nodes 11597 cap 0.940119999999999998524
JOB 659 PROVED
LEAF 148 22528 23040 1024000 256000 258304 768000 nodes 8439 cap 1.00459999999999999841
JOB 660 PROVED
LEAF 149 22528 23040 1024000 256000 258304 768000 nodes 5161 cap 0.948179999999999998577
JOB 661 PROVED
LEAF 150 22528 23040 1024000 256000 258304 768000 nodes 4411 cap 0.920439999999999998568
JOB 662 PROVED
LEAF 145 22528 23040 1024000 256000 258304 768000 nodes 144749 cap 1.01991999999999999837
JOB 657 PROVED
LEAF 151 22528 23040 1024000 256000 258304 768000 nodes 3453 cap 0.924699999999999998574
JOB 663 PROVED
LEAF 152 22528 23040 1024000 256000 258304 768000 nodes 3021 cap 0.985319999999999998413
JOB 664 PROVED
LEAF 153 22528 23040 1024000 256000 258304 768000 nodes 1987 cap 0.962999999999999998471
JOB 665 PROVED
LEAF 154 22528 23040 1024000 256000 258304 768000 nodes 1649 cap 0.953119999999999998578
JOB 666 PROVED
LEAF 155 22528 23040 1024000 256000 258304 768000 nodes 1021 cap 0.952999999999999998534
JOB 667 PROVED
LEAF 156 22528 23040 1024000 256000 258304 768000 nodes 1615 cap 0.958779999999999998462
JOB 668 PROVED
LEAF 157 22528 23040 1024000 256000 258304 768000 nodes 1139 cap 0.963979999999999998494
JOB 669 PROVED
LEAF 158 22528 23040 1024000 256000 258304 768000 nodes 1129 cap 0.956559999999999998493
JOB 670 PROVED
LEAF 159 22528 23040 1024000 256000 258304 768000 nodes 937 cap 0.956339999999999998513
JOB 671 PROVED
LEAF 160 22528 23040 1024000 256000 258304 768000 nodes 226877 cap 1.03899999999999999832
JOB 672 PROVED
LEAF 144 22528 23040 1024000 256000 258304 768000 nodes 326913 cap 1.01387999999999999836
JOB 656 PROVED
LEAF 162 22528 23040 1024000 256000 258304 768000 nodes 226975 cap 1.01887999999999999835
JOB 674 PROVED
LEAF 163 22528 23040 1024000 256000 258304 768000 nodes 40865 cap 0.948839999999999998465
JOB 675 PROVED
LEAF 164 22528 23040 1024000 256000 258304 768000 nodes 25165 cap 1.01141999999999999841
JOB 676 PROVED
LEAF 165 22528 23040 1024000 256000 258304 768000 nodes 14501 cap 0.944179999999999998494
JOB 677 PROVED
LEAF 166 22528 23040 1024000 256000 258304 768000 nodes 18915 cap 0.88069999999999999858
JOB 678 PROVED
LEAF 168 22528 23040 1024000 256000 258304 768000 nodes 6817 cap 0.989699999999999998463
JOB 680 PROVED
LEAF 167 22528 23040 1024000 256000 258304 768000 nodes 10825 cap 0.877179999999999998563
JOB 679 PROVED
LEAF 169 22528 23040 1024000 256000 258304 768000 nodes 5161 cap 0.948179999999999998577
JOB 681 PROVED
LEAF 170 22528 23040 1024000 256000 258304 768000 nodes 4361 cap 0.918639999999999998563
JOB 682 PROVED
LEAF 171 22528 23040 1024000 256000 258304 768000 nodes 2901 cap 0.907919999999999998526
JOB 683 PROVED
LEAF 173 22528 23040 1024000 256000 258304 768000 nodes 3301 cap 0.932059999999999998525
JOB 685 PROVED
LEAF 174 22528 23040 1024000 256000 258304 768000 nodes 3331 cap 0.921779999999999998559
JOB 686 PROVED
LEAF 172 22528 23040 1024000 256000 258304 768000 nodes 4351 cap 0.914479999999999998548
JOB 684 PROVED
LEAF 175 22528 23040 1024000 256000 258304 768000 nodes 2725 cap 0.913519999999999998578
JOB 687 PROVED
LEAF 161 22528 23040 1024000 256000 258304 768000 nodes 331983 cap 1.04301999999999999835
JOB 673 PROVED
LEAF 177 22528 23040 1024000 256000 258304 768000 nodes 34655 cap 0.936579999999999998509
JOB 689 PROVED
LEAF 178 22528 23040 1024000 256000 258304 768000 nodes 10231 cap 0.945339999999999998501
JOB 690 PROVED
LEAF 179 22528 23040 1024000 256000 258304 768000 nodes 7167 cap 0.889899999999999998533
JOB 691 PROVED
LEAF 180 22528 23040 1024000 256000 258304 768000 nodes 4361 cap 0.95985999999999999853
JOB 692 PROVED
LEAF 181 22528 23040 1024000 256000 258304 768000 nodes 3301 cap 0.932059999999999998525
JOB 693 PROVED
LEAF 182 22528 23040 1024000 256000 258304 768000 nodes 2859 cap 0.91275999999999999859
JOB 694 PROVED
LEAF 183 22528 23040 1024000 256000 258304 768000 nodes 2257 cap 0.920159999999999998592
JOB 695 PROVED
LEAF 184 22528 23040 1024000 256000 258304 768000 nodes 1623 cap 0.97437999999999999845
JOB 696 PROVED
LEAF 186 22528 23040 1024000 256000 258304 768000 nodes 897 cap 0.955379999999999998488
JOB 698 PROVED
LEAF 185 22528 23040 1024000 256000 258304 768000 nodes 1139 cap 0.963979999999999998494
JOB 697 PROVED
LEAF 187 22528 23040 1024000 256000 258304 768000 nodes 615 cap 0.955459999999999998481
JOB 699 PROVED
LEAF 188 22528 23040 1024000 256000 258304 768000 nodes 837 cap 0.959839999999999998477
JOB 700 PROVED
LEAF 189 22528 23040 1024000 256000 258304 768000 nodes 693 cap 0.966119999999999998469
JOB 701 PROVED
LEAF 191 22528 23040 1024000 256000 258304 768000 nodes 587 cap 0.959879999999999998528
JOB 703 PROVED
LEAF 190 22528 23040 1024000 256000 258304 768000 nodes 749 cap 0.959219999999999998477
JOB 702 PROVED
LEAF 192 22528 23040 1024000 256000 258304 768000 nodes 175279 cap 0.995799999999999998525
JOB 704 PROVED
LEAF 176 22528 22784 1024000 256000 258304 768000 nodes 297315 cap 0.923679999999999998501
LEAF 136 22528 23040 1024000 256000 258304 768000 nodes 447061 cap 1.0411399999999999983
JOB 648 PROVED
LEAF 193 22528 23040 1024000 256000 258304 768000 nodes 247525 cap 1.02799999999999999842
JOB 705 PROVED
LEAF 196 22528 23040 1024000 256000 258304 768000 nodes 123535 cap 1.00983999999999999838
JOB 708 PROVED
LEAF 197 22528 23040 1024000 256000 258304 768000 nodes 40865 cap 0.948839999999999998465
JOB 709 PROVED
LEAF 194 22528 23040 1024000 256000 258304 768000 nodes 337429 cap 1.03405999999999999838
JOB 706 PROVED
LEAF 199 22528 23040 1024000 256000 258304 768000 nodes 38305 cap 0.843079999999999998677
JOB 711 PROVED
LEAF 176 22784 23040 1024000 256000 258304 768000 nodes 313669 cap 0.926039999999999998511
JOB 688 PROVED
LEAF 200 22528 23040 1024000 256000 258304 768000 nodes 15559 cap 0.98483999999999999851
JOB 712 PROVED
LEAF 201 22528 23040 1024000 256000 258304 768000 nodes 11597 cap 0.940119999999999998524
JOB 713 PROVED
LEAF 202 22528 23040 1024000 256000 258304 768000 nodes 10749 cap 0.8959399999999999986
JOB 714 PROVED
LEAF 203 22528 23040 1024000 256000 258304 768000 nodes 7247 cap 0.862019999999999998644
JOB 715 PROVED
LEAF 205 22528 23040 1024000 256000 258304 768000 nodes 7167 cap 0.889899999999999998533
JOB 717 PROVED
LEAF 204 22528 23040 1024000 256000 258304 768000 nodes 11337 cap 0.863879999999999998644
JOB 716 PROVED
LEAF 206 22528 23040 1024000 256000 258304 768000 nodes 8063 cap 0.889059999999999998552
JOB 718 PROVED
LEAF 207 22528 23040 1024000 256000 258304 768000 nodes 6587 cap 0.865259999999999998577
JOB 719 PROVED
LEAF 209 22528 23040 1024000 256000 258304 768000 nodes 30487 cap 0.925219999999999998583
JOB 721 PROVED
LEAF 210 22528 23040 1024000 256000 258304 768000 nodes 9653 cap 0.927079999999999998474
JOB 722 PROVED
LEAF 211 22528 23040 1024000 256000 258304 768000 nodes 7247 cap 0.862019999999999998644
JOB 723 PROVED
LEAF 208 22528 23040 1024000 256000 258304 768000 nodes 54291 cap 0.924159999999999998513
JOB 720 PROVED
LEAF 212 22528 23040 1024000 256000 258304 768000 nodes 4529 cap 0.933339999999999998576
JOB 724 PROVED
LEAF 213 22528 23040 1024000 256000 258304 768000 nodes 2901 cap 0.907919999999999998526
JOB 725 PROVED
LEAF 214 22528 23040 1024000 256000 258304 768000 nodes 2603 cap 0.896219999999999998575
JOB 726 PROVED
LEAF 215 22528 23040 1024000 256000 258304 768000 nodes 2075 cap 0.904059999999999998593
JOB 727 PROVED
LEAF 216 22528 23040 1024000 256000 258304 768000 nodes 1457 cap 0.957579999999999998512
JOB 728 PROVED
LEAF 217 22528 23040 1024000 256000 258304 768000 nodes 1021 cap 0.952999999999999998534
JOB 729 PROVED
LEAF 219 22528 23040 1024000 256000 258304 768000 nodes 513 cap 0.950739999999999998461
JOB 731 PROVED
LEAF 220 22528 23040 1024000 256000 258304 768000 nodes 767 cap 0.951539999999999998499
JOB 732 PROVED
LEAF 218 22528 23040 1024000 256000 258304 768000 nodes 833 cap 0.948559999999999998544
JOB 730 PROVED
LEAF 221 22528 23040 1024000 256000 258304 768000 nodes 615 cap 0.955459999999999998481
JOB 733 PROVED
LEAF 223 22528 23040 1024000 256000 258304 768000 nodes 507 cap 0.953179999999999998573
JOB 735 PROVED
LEAF 222 22528 23040 1024000 256000 258304 768000 nodes 697 cap 0.950339999999999998442
JOB 734 PROVED
LEAF 195 22528 23040 1024000 256000 258304 768000 nodes 213083 cap 0.973359999999999998485
JOB 707 PROVED
LEAF 226 22528 23040 1024000 256000 258304 768000 nodes 39337 cap 0.958559999999999998481
JOB 738 PROVED
LEAF 198 22528 22784 1024000 256000 258304 768000 nodes 53351 cap 0.86847999999999999862
LEAF 198 22784 23040 1024000 256000 258304 768000 nodes 48953 cap 0.869439999999999998644
JOB 710 PROVED
LEAF 228 22528 23040 1024000 256000 258304 768000 nodes 12233 cap 0.944419999999999998473
JOB 740 PROVED
LEAF 229 22528 23040 1024000 256000 258304 768000 nodes 10825 cap 0.877179999999999998563
JOB 741 PROVED
LEAF 230 22528 23040 1024000 256000 258304 768000 nodes 10825 cap 0.834079999999999998652
JOB 742 PROVED
LEAF 231 22528 23040 1024000 256000 258304 768000 nodes 7657 cap 0.844599999999999998652
JOB 743 PROVED
LEAF 232 22528 23040 1024000 256000 258304 768000 nodes 4515 cap 0.945939999999999998502
JOB 744 PROVED
LEAF 227 22528 23040 1024000 256000 258304 768000 nodes 38305 cap 0.843079999999999998677
JOB 739 PROVED
LEAF 233 22528 23040 1024000 256000 258304 768000 nodes 3453 cap 0.924699999999999998574
JOB 745 PROVED
LEAF 235 22528 23040 1024000 256000 258304 768000 nodes 2075 cap 0.904059999999999998593
JOB 747 PROVED
LEAF 236 22528 23040 1024000 256000 258304 768000 nodes 2999 cap 0.903659999999999998574
JOB 748 PROVED
LEAF 237 22528 23040 1024000 256000 258304 768000 nodes 2257 cap 0.920159999999999998592
JOB 749 PROVED
LEAF 234 22528 23040 1024000 256000 258304 768000 nodes 2941 cap 0.906859999999999998565
JOB 746 PROVED
LEAF 238 22528 23040 1024000 256000 258304 768000 nodes 2401 cap 0.910379999999999998473
JOB 750 PROVED
LEAF 239 22528 23040 1024000 256000 258304 768000 nodes 1979 cap 0.908759999999999998561
JOB 751 PROVED
LEAF 240 22528 23040 1024000 256000 258304 768000 nodes 42827 cap 0.919039999999999998528
JOB 752 PROVED
LEAF 242 22528 23040 1024000 256000 258304 768000 nodes 8249 cap 0.928559999999999998561
JOB 754 PROVED
LEAF 243 22528 23040 1024000 256000 258304 768000 nodes 6587 cap 0.865259999999999998577
JOB 755 PROVED
LEAF 244 22528 23040 1024000 256000 258304 768000 nodes 3973 cap 0.939899999999999998543
JOB 756 PROVED
LEAF 225 22528 23040 1024000 256000 258304 768000 nodes 230071 cap 0.976919999999999998445
JOB 737 PROVED
LEAF 245 22528 23040 1024000 256000 258304 768000 nodes 2725 cap 0.913519999999999998578
JOB 757 PROVED
LEAF 246 22528 23040 1024000 256000 258304 768000 nodes 2453 cap 0.900519999999999998578
JOB 758 PROVED
LEAF 247 22528 23040 1024000 256000 258304 768000 nodes 1979 cap 0.908759999999999998561
JOB 759 PROVED
LEAF 249 22528 23040 1024000 256000 258304 768000 nodes 937 cap 0.956339999999999998513
JOB 761 PROVED
LEAF 250 22528 23040 1024000 256000 258304 768000 nodes 745 cap 0.951119999999999998536
JOB 762 PROVED
LEAF 248 22528 23040 1024000 256000 258304 768000 nodes 1333 cap 0.962799999999999998489
JOB 760 PROVED
LEAF 251 22528 23040 1024000 256000 258304 768000 nodes 507 cap 0.953179999999999998573
JOB 763 PROVED
LEAF 253 22528 23040 1024000 256000 258304 768000 nodes 587 cap 0.959879999999999998528
JOB 765 PROVED
LEAF 252 22528 23040 1024000 256000 258304 768000 nodes 721 cap 0.955659999999999998518
JOB 764 PROVED
LEAF 254 22528 23040 1024000 256000 258304 768000 nodes 629 cap 0.953959999999999998504
JOB 766 PROVED
LEAF 255 22528 23040 1024000 256000 258304 768000 nodes 497 cap 0.956899999999999998518
JOB 767 PROVED
LEAF 241 22528 23040 1024000 256000 258304 768000 nodes 25201 cap 0.920899999999999998527
JOB 753 PROVED
LEAF 0 23040 23552 1024000 256000 258304 768000 nodes 21753 cap 0.863149999999999998735
JOB 768 PROVED
LEAF 1 23040 23552 1024000 256000 258304 768000 nodes 29999 cap 0.941109999999999998573
JOB 769 PROVED
LEAF 224 22528 23040 1024000 256000 258304 768000 nodes 306477 cap 0.982939999999999998459
JOB 736 PROVED
LEAF 3 23040 23552 1024000 256000 258304 768000 nodes 169663 cap 0.994539999999999998527
JOB 771 PROVED
LEAF 2 23040 23552 1024000 256000 258304 768000 nodes 88421 cap 0.995989999999999998482
JOB 770 PROVED
LEAF 4 23040 23552 1024000 256000 258304 768000 nodes 186213 cap 1.04256999999999999836
JOB 772 PROVED
LEAF 5 23040 23552 1024000 256000 258304 768000 nodes 226479 cap 1.03969999999999999832
JOB 773 PROVED
LEAF 6 23040 23552 1024000 256000 258304 768000 nodes 269727 cap 1.01859999999999999838
JOB 774 PROVED
LEAF 10 23040 23552 1024000 256000 258304 768000 nodes 94717 cap 0.995874999999999998451
JOB 778 PROVED
LEAF 11 23040 23552 1024000 256000 258304 768000 nodes 57105 cap 0.926724999999999998573
JOB 779 PROVED
LEAF 8 23040 23552 1024000 256000 258304 768000 nodes 342319 cap 1.04507499999999999832
JOB 776 PROVED
LEAF 9 23040 23552 1024000 256000 258304 768000 nodes 328507 cap 1.01604999999999999841
JOB 777 PROVED
LEAF 14 23040 23552 1024000 256000 258304 768000 nodes 73889 cap 0.955724999999999998526
JOB 782 PROVED
LEAF 15 23040 23552 1024000 256000 258304 768000 nodes 44391 cap 0.921899999999999998602
JOB 783 PROVED
LEAF 12 23040 23552 1024000 256000 258304 768000 nodes 225667 cap 0.952799999999999998498
JOB 780 PROVED
LEAF 7 23040 23552 1024000 256000 258304 768000 nodes 311833 cap 0.985099999999999998541
JOB 775 PROVED
LEAF 13 23040 23296 1024000 256000 258304 768000 nodes 330971 cap 0.928399999999999998629
LEAF 16 23040 23552 1024000 256000 258304 768000 nodes 342319 cap 1.04507499999999999832
JOB 784 PROVED
LEAF 19 23040 23552 1024000 256000 258304 768000 nodes 15867 cap 0.985199999999999998478
JOB 787 PROVED
LEAF 18 23040 23552 1024000 256000 258304 768000 nodes 133995 cap 1.01982499999999999844
JOB 786 PROVED
LEAF 21 23040 23552 1024000 256000 258304 768000 nodes 6771 cap 0.989874999999999998543
JOB 789 PROVED
LEAF 17 23040 23552 1024000 256000 258304 768000 nodes 423215 cap 1.04359999999999999835
JOB 785 PROVED
LEAF 20 23040 23552 1024000 256000 258304 768000 nodes 17475 cap 1.01509999999999999841
JOB 788 PROVED
LEAF 23 23040 23552 1024000 256000 258304 768000 nodes 4485 cap 0.94632499999999999859
JOB 791 PROVED
LEAF 25 23040 23552 1024000 256000 258304 768000 nodes 3013 cap 0.985449999999999998483
JOB 793 PROVED
LEAF 24 23040 23552 1024000 256000 258304 768000 nodes 4403 cap 1.00709999999999999846
JOB 792 PROVED
LEAF 26 23040 23552 1024000 256000 258304 768000 nodes 2333 cap 0.966699999999999998472
JOB 794 PROVED
LEAF 28 23040 23552 1024000 256000 258304 768000 nodes 2119 cap 0.965149999999999998581
JOB 796 PROVED
LEAF 27 23040 23552 1024000 256000 258304 768000 nodes 1453 cap 0.957799999999999998547
JOB 795 PROVED
LEAF 29 23040 23552 1024000 256000 258304 768000 nodes 1613 cap 0.974549999999999998517
JOB 797 PROVED
LEAF 31 23040 23552 1024000 256000 258304 768000 nodes 1327 cap 0.962999999999999998526
JOB 799 PROVED
LEAF 30 23040 23552 1024000 256000 258304 768000 nodes 1615 cap 0.969024999999999998445
JOB 798 PROVED
LEAF 22 23040 23552 1024000 256000 258304 768000 nodes 6161 cap 0.952499999999999998578
JOB 790 PROVED
LEAF 32 23040 23552 1024000 256000 258304 768000 nodes 186213 cap 1.04256999999999999836
JOB 800 PROVED
LEAF 13 23296 23552 1024000 256000 258304 768000 nodes 348627 cap 0.930759999999999998531
JOB 781 PROVED
LEAF 33 23040 23552 1024000 256000 258304 768000 nodes 161103 cap 1.07214999999999999832
JOB 801 PROVED
LEAF 37 23040 23552 1024000 256000 258304 768000 nodes 25975 cap 1.01147499999999999834
JOB 805 PROVED
LEAF 35 23040 23552 1024000 256000 258304 768000 nodes 130007 cap 1.00999999999999999837
JOB 803 PROVED
LEAF 39 23040 23552 1024000 256000 258304 768000 nodes 12309 cap 0.945124999999999998533
JOB 807 PROVED
LEAF 38 23040 23552 1024000 256000 258304 768000 nodes 17335 cap 0.973474999999999998516
JOB 806 PROVED
LEAF 40 23040 23552 1024000 256000 258304 768000 nodes 17475 cap 1.01509999999999999841
JOB 808 PROVED
LEAF 42 23040 23552 1024000 256000 258304 768000 nodes 6521 cap 0.972349999999999998547
JOB 810 PROVED
LEAF 41 23040 23552 1024000 256000 258304 768000 nodes 8515 cap 1.00467499999999999839
JOB 809 PROVED
LEAF 43 23040 23552 1024000 256000 258304 768000 nodes 4531 cap 0.933774999999999998524
JOB 811 PROVED
LEAF 45 23040 23552 1024000 256000 258304 768000 nodes 4363 cap 0.960199999999999998554
JOB 813 PROVED
LEAF 44 23040 23552 1024000 256000 258304 768000 nodes 6161 cap 0.945849999999999998537
JOB 812 PROVED
LEAF 46 23040 23552 1024000 256000 258304 768000 nodes 4595 cap 0.961249999999999998489
JOB 814 PROVED
LEAF 47 23040 23552 1024000 256000 258304 768000 nodes 3959 cap 0.940299999999999998563
JOB 815 PROVED
LEAF 49 23040 23552 1024000 256000 258304 768000 nodes 61491 cap 0.953399999999999998553
JOB 817 PROVED
LEAF 50 23040 23552 1024000 256000 258304 768000 nodes 16291 cap 0.942849999999999998529
JOB 818 PROVED
LEAF 51 23040 23552 1024000 256000 258304 768000 nodes 11159 cap 0.865024999999999998665
JOB 819 PROVED
LEAF 52 23040 23552 1024000 256000 258304 768000 nodes 6161 cap 0.945849999999999998537
JOB 820 PROVED
LEAF 53 23040 23552 1024000 256000 258304 768000 nodes 4343 cap 0.914999999999999998665
JOB 821 PROVED
LEAF 54 23040 23552 1024000 256000 258304 768000 nodes 3927 cap 0.894274999999999998624
JOB 822 PROVED
LEAF 55 23040 23552 1024000 256000 258304 768000 nodes 2991 cap 0.904199999999999998581
JOB 823 PROVED
LEAF 56 23040 23552 1024000 256000 258304 768000 nodes 2119 cap 0.965149999999999998581
JOB 824 PROVED
LEAF 57 23040 23552 1024000 256000 258304 768000 nodes 1603 cap 0.958999999999999998496
JOB 825 PROVED
LEAF 58 23040 23552 1024000 256000 258304 768000 nodes 1289 cap 0.951024999999999998504
JOB 826 PROVED
LEAF 59 23040 23552 1024000 256000 258304 768000 nodes 765 cap 0.951774999999999998574
JOB 827 PROVED
LEAF 60 23040 23552 1024000 256000 258304 768000 nodes 1117 cap 0.950774999999999998553
JOB 828 PROVED
LEAF 61 23040 23552 1024000 256000 258304 768000 nodes 835 cap 0.96004999999999999854
JOB 829 PROVED
LEAF 36 23040 23552 1024000 256000 258304 768000 nodes 211759 cap 1.01509999999999999841
JOB 804 PROVED
LEAF 62 23040 23552 1024000 256000 258304 768000 nodes 911 cap 0.954249999999999998614
JOB 830 PROVED
LEAF 63 23040 23552 1024000 256000 258304 768000 nodes 719 cap 0.95587499999999999854
JOB 831 PROVED
LEAF 64 23040 23552 1024000 256000 258304 768000 nodes 88421 cap 0.995989999999999998482
JOB 832 PROVED
LEAF 48 23040 23552 1024000 256000 258304 768000 nodes 225667 cap 0.952799999999999998498
JOB 816 PROVED
LEAF 65 23040 23552 1024000 256000 258304 768000 nodes 226173 cap 1.02753999999999999841
JOB 833 PROVED
LEAF 66 23040 23552 1024000 256000 258304 768000 nodes 226873 cap 1.06303999999999999839
JOB 834 PROVED
LEAF 34 23040 23552 1024000 256000 258304 768000 nodes 325863 cap 1.06179999999999999839
JOB 802 PROVED
LEAF 67 23040 23552 1024000 256000 258304 768000 nodes 337521 cap 1.03449999999999999834
JOB 835 PROVED
LEAF 70 23040 23552 1024000 256000 258304 768000 nodes 86993 cap 0.997599999999999998422
JOB 838 PROVED
LEAF 69 23040 23552 1024000 256000 258304 768000 nodes 231943 cap 1.01982499999999999844
JOB 837 PROVED
LEAF 71 23040 23552 1024000 256000 258304 768000 nodes 41013 cap 0.95962499999999999851
JOB 839 PROVED
LEAF 68 23040 23552 1024000 256000 258304 768000 nodes 325863 cap 1.06179999999999999839
JOB 836 PROVED
LEAF 75 23040 23552 1024000 256000 258304 768000 nodes 9687 cap 0.927799999999999998573
JOB 843 PROVED
LEAF 74 23040 23552 1024000 256000 258304 768000 nodes 14999 cap 0.99194999999999999851
JOB 842 PROVED
LEAF 73 23040 23552 1024000 256000 258304 768000 nodes 31221 cap 1.01427499999999999842
JOB 841 PROVED
LEAF 76 23040 23552 1024000 256000 258304 768000 nodes 16291 cap 0.942849999999999998529
JOB 844 PROVED
LEAF 77 23040 23552 1024000 256000 258304 768000 nodes 10493 cap 0.946024999999999998508
JOB 845 PROVED
LEAF 78 23040 23552 1024000 256000 258304 768000 nodes 9905 cap 0.960824999999999998513
JOB 846 PROVED
LEAF 79 23040 23552 1024000 256000 258304 768000 nodes 8337 cap 0.929274999999999998539
JOB 847 PROVED
LEAF 82 23040 23552 1024000 256000 258304 768000 nodes 14999 cap 0.99194999999999999851
JOB 850 PROVED
LEAF 83 23040 23552 1024000 256000 258304 768000 nodes 10609 cap 0.89674999999999999861
JOB 851 PROVED
LEAF 84 23040 23552 1024000 256000 258304 768000 nodes 6521 cap 0.972349999999999998547
JOB 852 PROVED
LEAF 85 23040 23552 1024000 256000 258304 768000 nodes 4291 cap 0.919099999999999998522
JOB 853 PROVED
LEAF 86 23040 23552 1024000 256000 258304 768000 nodes 3823 cap 0.900074999999999998658
JOB 854 PROVED
LEAF 87 23040 23552 1024000 256000 258304 768000 nodes 2929 cap 0.907349999999999998657
JOB 855 PROVED
LEAF 88 23040 23552 1024000 256000 258304 768000 nodes 2333 cap 0.966699999999999998472
JOB 856 PROVED
LEAF 81 23040 23552 1024000 256000 258304 768000 nodes 53025 cap 1.00062499999999999839
JOB 849 PROVED
LEAF 89 23040 23552 1024000 256000 258304 768000 nodes 1643 cap 0.953349999999999998585
JOB 857 PROVED
LEAF 90 23040 23552 1024000 256000 258304 768000 nodes 1357 cap 0.947049999999999998595
JOB 858 PROVED
LEAF 91 23040 23552 1024000 256000 258304 768000 nodes 829 cap 0.948799999999999998523
JOB 859 PROVED
LEAF 92 23040 23552 1024000 256000 258304 768000 nodes 1289 cap 0.951024999999999998504
JOB 860 PROVED
LEAF 93 23040 23552 1024000 256000 258304 768000 nodes 893 cap 0.955599999999999998523
JOB 861 PROVED
LEAF 94 23040 23552 1024000 256000 258304 768000 nodes 897 cap 0.949299999999999998587
JOB 862 PROVED
LEAF 95 23040 23552 1024000 256000 258304 768000 nodes 747 cap 0.951349999999999998543
JOB 863 PROVED
LEAF 80 23040 23552 1024000 256000 258304 768000 nodes 94717 cap 0.995874999999999998451
JOB 848 PROVED
LEAF 98 23040 23552 1024000 256000 258304 768000 nodes 86993 cap 0.997599999999999998422
JOB 866 PROVED
LEAF 72 23040 23552 1024000 256000 258304 768000 nodes 133995 cap 1.01982499999999999844
JOB 840 PROVED
LEAF 100 23040 23552 1024000 256000 258304 768000 nodes 17335 cap 0.973474999999999998516
JOB 868 PROVED
LEAF 101 23040 23552 1024000 256000 258304 768000 nodes 17309 cap 0.881724999999999998666
JOB 869 PROVED
LEAF 102 23040 23552 1024000 256000 258304 768000 nodes 16677 cap 0.826924999999999998696
JOB 870 PROVED
LEAF 99 23040 23296 1024000 256000 258304 768000 nodes 46349 cap 0.87039999999999999856
LEAF 96 23040 23552 1024000 256000 258304 768000 nodes 269727 cap 1.01859999999999999838
JOB 864 PROVED
LEAF 104 23040 23552 1024000 256000 258304 768000 nodes 6161 cap 0.952499999999999998578
JOB 872 PROVED
LEAF 103 23040 23552 1024000 256000 258304 768000 nodes 10585 cap 0.835274999999999998697
JOB 871 PROVED
LEAF 105 23040 23552 1024000 256000 258304 768000 nodes 4371 cap 0.920899999999999998636
JOB 873 PROVED
LEAF 107 23040 23552 1024000 256000 258304 768000 nodes 2587 cap 0.89674999999999999861
JOB 875 PROVED
LEAF 106 23040 23552 1024000 256000 258304 768000 nodes 3823 cap 0.900074999999999998658
JOB 874 PROVED
LEAF 108 23040 23552 1024000 256000 258304 768000 nodes 3927 cap 0.894274999999999998624
JOB 876 PROVED
LEAF 110 23040 23552 1024000 256000 258304 768000 nodes 2905 cap 0.90319999999999999856
JOB 878 PROVED
LEAF 111 23040 23552 1024000 256000 258304 768000 nodes 2451 cap 0.901024999999999998602
JOB 879 PROVED
LEAF 109 23040 23552 1024000 256000 258304 768000 nodes 2847 cap 0.913249999999999998628
JOB 877 PROVED
LEAF 99 23296 23552 1024000 256000 258304 768000 nodes 44465 cap 0.871359999999999998693
JOB 867 PROVED
LEAF 114 23040 23552 1024000 256000 258304 768000 nodes 9905 cap 0.960824999999999998513
JOB 882 PROVED
LEAF 115 23040 23552 1024000 256000 258304 768000 nodes 7967 cap 0.889924999999999998598
JOB 883 PROVED
LEAF 116 23040 23552 1024000 256000 258304 768000 nodes 4595 cap 0.961249999999999998489
JOB 884 PROVED
LEAF 117 23040 23552 1024000 256000 258304 768000 nodes 3311 cap 0.922224999999999998587
JOB 885 PROVED
LEAF 118 23040 23552 1024000 256000 258304 768000 nodes 2905 cap 0.90319999999999999856
JOB 886 PROVED
LEAF 119 23040 23552 1024000 256000 258304 768000 nodes 2393 cap 0.910849999999999998568
JOB 887 PROVED
LEAF 120 23040 23552 1024000 256000 258304 768000 nodes 1615 cap 0.969024999999999998445
JOB 888 PROVED
LEAF 121 23040 23552 1024000 256000 258304 768000 nodes 1125 cap 0.956774999999999998569
JOB 889 PROVED
LEAF 122 23040 23552 1024000 256000 258304 768000 nodes 897 cap 0.949299999999999998587
JOB 890 PROVED
LEAF 123 23040 23552 1024000 256000 258304 768000 nodes 695 cap 0.950574999999999998516
JOB 891 PROVED
LEAF 124 23040 23552 1024000 256000 258304 768000 nodes 911 cap 0.954249999999999998614
JOB 892 PROVED
LEAF 125 23040 23552 1024000 256000 258304 768000 nodes 737 cap 0.959424999999999998527
JOB 893 PROVED
LEAF 126 23040 23552 1024000 256000 258304 768000 nodes 787 cap 0.952349999999999998564
JOB 894 PROVED
LEAF 127 23040 23552 1024000 256000 258304 768000 nodes 627 cap 0.95417499999999999858
JOB 895 PROVED
LEAF 128 23040 23552 1024000 256000 258304 768000 nodes 29999 cap 0.941109999999999998573
JOB 896 PROVED
LEAF 113 23040 23552 1024000 256000 258304 768000 nodes 28319 cap 0.961624999999999998497
JOB 881 PROVED
LEAF 112 23040 23552 1024000 256000 258304 768000 nodes 73889 cap 0.955724999999999998526
JOB 880 PROVED
LEAF 129 23040 23552 1024000 256000 258304 768000 nodes 66849 cap 0.999509999999999998498
JOB 897 PROVED
LEAF 97 23040 23552 1024000 256000 258304 768000 nodes 406089 cap 1.01729999999999999833
JOB 865 PROVED
LEAF 132 23040 23552 1024000 256000 258304 768000 nodes 161103 cap 1.07214999999999999832
JOB 900 PROVED
LEAF 131 23040 23552 1024000 256000 258304 768000 nodes 252779 cap 1.0269999999999999984
JOB 899 PROVED
LEAF 133 23040 23552 1024000 256000 258304 768000 nodes 320137 cap 1.04462499999999999833
JOB 901 PROVED
LEAF 130 23040 23552 1024000 256000 258304 768000 nodes 226173 cap 1.02753999999999999841
JOB 898 PROVED
LEAF 135 23040 23552 1024000 256000 258304 768000 nodes 240157 cap 0.97909999999999999847
JOB 903 PROVED
LEAF 138 23040 23552 1024000 256000 258304 768000 nodes 53025 cap 1.00062499999999999839
JOB 906 PROVED
LEAF 139 23040 23552 1024000 256000 258304 768000 nodes 33057 cap 0.925924999999999998643
JOB 907 PROVED
LEAF 134 23040 23552 1024000 256000 258304 768000 nodes 406089 cap 1.01729999999999999833
JOB 902 PROVED
LEAF 140 23040 23552 1024000 256000 258304 768000 nodes 61491 cap 0.953399999999999998553
JOB 908 PROVED
LEAF 141 23040 23552 1024000 256000 258304 768000 nodes 36713 cap 0.939449999999999998556
JOB 909 PROVED
LEAF 142 23040 23552 1024000 256000 258304 768000 nodes 28319 cap 0.961624999999999998497
JOB 910 PROVED
LEAF 143 23040 23552 1024000 256000 258304 768000 nodes 27013 cap 0.921799999999999998557
JOB 911 PROVED
LEAF 137 23040 23552 1024000 256000 258304 768000 nodes 152237 cap 1.02132499999999999837
JOB 905 PROVED
LEAF 136 23040 23552 1024000 256000 258304 768000 nodes 423215 cap 1.04359999999999999835
JOB 904 PROVED
LEAF 147 23040 23552 1024000 256000 258304 768000 nodes 11505 cap 0.940724999999999998593
JOB 915 PROVED
LEAF 148 23040 23552 1024000 256000 258304 768000 nodes 8515 cap 1.00467499999999999839
JOB 916 PROVED
LEAF 146 23040 23552 1024000 256000 258304 768000 nodes 31221 cap 1.01427499999999999842
JOB 914 PROVED
LEAF 149 23040 23552 1024000 256000 258304 768000 nodes 5115 cap 0.948524999999999998506
JOB 917 PROVED
LEAF 151 23040 23552 1024000 256000 258304 768000 nodes 3447 cap 0.925124999999999998604
JOB 919 PROVED
LEAF 150 23040 23552 1024000 256000 258304 768000 nodes 4371 cap 0.920899999999999998636
JOB 918 PROVED
LEAF 152 23040 23552 1024000 256000 258304 768000 nodes 3013 cap 0.985449999999999998483
JOB 920 PROVED
LEAF 153 23040 23552 1024000 256000 258304 768000 nodes 2033 cap 0.963199999999999998508
JOB 921 PROVED
LEAF 154 23040 23552 1024000 256000 258304 768000 nodes 1643 cap 0.953349999999999998585
JOB 922 PROVED
LEAF 145 23040 23552 1024000 256000 258304 768000 nodes 152237 cap 1.02132499999999999837
JOB 913 PROVED
LEAF 156 23040 23552 1024000 256000 258304 768000 nodes 1603 cap 0.958999999999999998496
JOB 924 PROVED
LEAF 157 23040 23552 1024000 256000 258304 768000 nodes 1139 cap 0.964174999999999998517
JOB 925 PROVED
LEAF 155 23040 23552 1024000 256000 258304 768000 nodes 1019 cap 0.953224999999999998528
JOB 923 PROVED
LEAF 159 23040 23552 1024000 256000 258304 768000 nodes 929 cap 0.956549999999999998467
JOB 927 PROVED
LEAF 158 23040 23552 1024000 256000 258304 768000 nodes 1125 cap 0.956774999999999998569
JOB 926 PROVED
LEAF 144 23040 23552 1024000 256000 258304 768000 nodes 328507 cap 1.01604999999999999841
JOB 912 PROVED
LEAF 161 23040 23552 1024000 256000 258304 768000 nodes 320137 cap 1.04462499999999999833
JOB 929 PROVED
LEAF 162 23040 23552 1024000 256000 258304 768000 nodes 231943 cap 1.01982499999999999844
JOB 930 PROVED
LEAF 165 23040 23552 1024000 256000 258304 768000 nodes 14177 cap 0.944799999999999998548
JOB 933 PROVED
LEAF 163 23040 23552 1024000 256000 258304 768000 nodes 39977 cap 0.949899999999999998535
JOB 931 PROVED
LEAF 164 23040 23552 1024000 256000 258304 768000 nodes 25975 cap 1.01147499999999999834
JOB 932 PROVED
LEAF 166 23040 23552 1024000 256000 258304 768000 nodes 17309 cap 0.881724999999999998666
JOB 934 PROVED
LEAF 168 23040 23552 1024000 256000 258304 768000 nodes 6771 cap 0.989874999999999998543
JOB 936 PROVED
LEAF 167 23040 23552 1024000 256000 258304 768000 nodes 10647 cap 0.878149999999999998613
JOB 935 PROVED
LEAF 169 23040 23552 1024000 256000 258304 768000 nodes 5115 cap 0.948524999999999998506
JOB 937 PROVED
LEAF 171 23040 23552 1024000 256000 258304 768000 nodes 2893 cap 0.908399999999999998592
JOB 939 PROVED
LEAF 170 23040 23552 1024000 256000 258304 768000 nodes 4291 cap 0.919099999999999998522
JOB 938 PROVED
LEAF 172 23040 23552 1024000 256000 258304 768000 nodes 4343 cap 0.914999999999999998665
JOB 940 PROVED
LEAF 173 23040 23552 1024000 256000 258304 768000 nodes 3301 cap 0.932474999999999998638
JOB 941 PROVED
LEAF 175 23040 23552 1024000 256000 258304 768000 nodes 2699 cap 0.913974999999999998578
JOB 943 PROVED
LEAF 174 23040 23552 1024000 256000 258304 768000 nodes 3311 cap 0.922224999999999998587
JOB 942 PROVED
LEAF 178 23040 23552 1024000 256000 258304 768000 nodes 10493 cap 0.946024999999999998508
JOB 946 PROVED
LEAF 179 23040 23552 1024000 256000 258304 768000 nodes 7133 cap 0.890799999999999998616
JOB 947 PROVED
LEAF 180 23040 23552 1024000 256000 258304 768000 nodes 4363 cap 0.960199999999999998554
JOB 948 PROVED
LEAF 181 23040 23552 1024000 256000 258304 768000 nodes 3301 cap 0.932474999999999998638
JOB 949 PROVED
LEAF 182 23040 23552 1024000 256000 258304 768000 nodes 2847 cap 0.913249999999999998628
JOB 950 PROVED
LEAF 177 23040 23552 1024000 256000 258304 768000 nodes 36713 cap 0.939449999999999998556
JOB 945 PROVED
LEAF 183 23040 23552 1024000 256000 258304 768000 nodes 2245 cap 0.920599999999999998608
JOB 951 PROVED
LEAF 184 23040 23552 1024000 256000 258304 768000 nodes 1613 cap 0.974549999999999998517
JOB 952 PROVED
LEAF 185 23040 23552 1024000 256000 258304 768000 nodes 1139 cap 0.964174999999999998517
JOB 953 PROVED
LEAF 186 23040 23552 1024000 256000 258304 768000 nodes 893 cap 0.955599999999999998523
JOB 954 PROVED
LEAF 187 23040 23552 1024000 256000 258304 768000 nodes 613 cap 0.955674999999999998557
JOB 955 PROVED
LEAF 188 23040 23552 1024000 256000 258304 768000 nodes 835 cap 0.96004999999999999854
JOB 956 PROVED
LEAF 189 23040 23552 1024000 256000 258304 768000 nodes 693 cap 0.966299999999999998453
JOB 957 PROVED
LEAF 190 23040 23552 1024000 256000 258304 768000 nodes 737 cap 0.959424999999999998527
JOB 958 PROVED
LEAF 191 23040 23552 1024000 256000 258304 768000 nodes 587 cap 0.960074999999999998551
JOB 959 PROVED
LEAF 160 23040 23552 1024000 256000 258304 768000 nodes 226479 cap 1.03969999999999999832
JOB 928 PROVED
LEAF 192 23040 23552 1024000 256000 258304 768000 nodes 169663 cap 0.994539999999999998527
JOB 960 PROVED
LEAF 176 23040 23296 1024000 256000 258304 768000 nodes 330971 cap 0.928399999999999998629
LEAF 195 23040 23552 1024000 256000 258304 768000 nodes 220383 cap 0.974624999999999998496
JOB 963 PROVED
LEAF 193 23040 23552 1024000 256000 258304 768000 nodes 252779 cap 1.0269999999999999984
JOB 961 PROVED
LEAF 197 23040 23552 1024000 256000 258304 768000 nodes 39977 cap 0.949899999999999998535
JOB 965 PROVED
LEAF 196 23040 23552 1024000 256000 258304 768000 nodes 130007 cap 1.00999999999999999837
JOB 964 PROVED
LEAF 199 23040 23552 1024000 256000 258304 768000 nodes 36349 cap 0.845024999999999998737
JOB 967 PROVED
LEAF 200 23040 23552 1024000 256000 258304 768000 nodes 15867 cap 0.985199999999999998478
JOB 968 PROVED
LEAF 201 23040 23552 1024000 256000 258304 768000 nodes 11505 cap 0.940724999999999998593
JOB 969 PROVED
LEAF 202 23040 23552 1024000 256000 258304 768000 nodes 10609 cap 0.89674999999999999861
JOB 970 PROVED
LEAF 203 23040 23552 1024000 256000 258304 768000 nodes 7219 cap 0.862949999999999998644
JOB 971 PROVED
LEAF 204 23040 23552 1024000 256000 258304 768000 nodes 11159 cap 0.865024999999999998665
JOB 972 PROVED
LEAF 205 23040 23552 1024000 256000 258304 768000 nodes 7133 cap 0.890799999999999998616
JOB 973 PROVED
LEAF 206 23040 23552 1024000 256000 258304 768000 nodes 7967 cap 0.889924999999999998598
JOB 974 PROVED
LEAF 207 23040 23552 1024000 256000 258304 768000 nodes 6543 cap 0.866174999999999998646
JOB 975 PROVED
LEAF 208 23040 23552 1024000 256000 258304 768000 nodes 57105 cap 0.926724999999999998573
JOB 976 PROVED
LEAF 209 23040 23552 1024000 256000 258304 768000 nodes 33057 cap 0.925924999999999998643
JOB 977 PROVED
LEAF 210 23040 23552 1024000 256000 258304 768000 nodes 9687 cap 0.927799999999999998573
JOB 978 PROVED
LEAF 211 23040 23552 1024000 256000 258304 768000 nodes 7219 cap 0.862949999999999998644
JOB 979 PROVED
LEAF 212 23040 23552 1024000 256000 258304 768000 nodes 4531 cap 0.933774999999999998524
JOB 980 PROVED
LEAF 213 23040 23552 1024000 256000 258304 768000 nodes 2893 cap 0.908399999999999998592
JOB 981 PROVED
LEAF 214 23040 23552 1024000 256000 258304 768000 nodes 2587 cap 0.89674999999999999861
JOB 982 PROVED
LEAF 215 23040 23552 1024000 256000 258304 768000 nodes 2063 cap 0.904549999999999998686
JOB 983 PROVED
LEAF 216 23040 23552 1024000 256000 258304 768000 nodes 1453 cap 0.957799999999999998547
JOB 984 PROVED
LEAF 217 23040 23552 1024000 256000 258304 768000 nodes 1019 cap 0.953224999999999998528
JOB 985 PROVED
LEAF 218 23040 23552 1024000 256000 258304 768000 nodes 829 cap 0.948799999999999998523
JOB 986 PROVED
LEAF 219 23040 23552 1024000 256000 258304 768000 nodes 511 cap 0.950974999999999998535
JOB 987 PROVED
LEAF 220 23040 23552 1024000 256000 258304 768000 nodes 765 cap 0.951774999999999998574
JOB 988 PROVED
LEAF 221 23040 23552 1024000 256000 258304 768000 nodes 613 cap 0.955674999999999998557
JOB 989 PROVED
LEAF 222 23040 23552 1024000 256000 258304 768000 nodes 695 cap 0.950574999999999998516
JOB 990 PROVED
LEAF 223 23040 23552 1024000 256000 258304 768000 nodes 505 cap 0.953399999999999998553
JOB 991 PROVED
LEAF 194 23040 23552 1024000 256000 258304 768000 nodes 337521 cap 1.03449999999999999834
JOB 962 PROVED
LEAF 176 23296 23552 1024000 256000 258304 768000 nodes 348627 cap 0.930759999999999998531
JOB 944 PROVED
LEAF 198 23040 23296 1024000 256000 258304 768000 nodes 46349 cap 0.87039999999999999856
LEAF 226 23040 23552 1024000 256000 258304 768000 nodes 41013 cap 0.95962499999999999851
JOB 994 PROVED
LEAF 198 23296 23552 1024000 256000 258304 768000 nodes 44465 cap 0.871359999999999998693
JOB 966 PROVED
LEAF 228 23040 23552 1024000 256000 258304 768000 nodes 12309 cap 0.945124999999999998533
JOB 996 PROVED
LEAF 229 23040 23552 1024000 256000 258304 768000 nodes 10647 cap 0.878149999999999998613
JOB 997 PROVED
LEAF 230 23040 23552 1024000 256000 258304 768000 nodes 10585 cap 0.835274999999999998697
JOB 998 PROVED
LEAF 231 23040 23552 1024000 256000 258304 768000 nodes 7621 cap 0.845674999999999998707
JOB 999 PROVED
LEAF 227 23040 23552 1024000 256000 258304 768000 nodes 36349 cap 0.845024999999999998737
JOB 995 PROVED
LEAF 232 23040 23552 1024000 256000 258304 768000 nodes 4485 cap 0.94632499999999999859
JOB 1000 PROVED
LEAF 234 23040 23552 1024000 256000 258304 768000 nodes 2929 cap 0.907349999999999998657
JOB 1002 PROVED
LEAF 235 23040 23552 1024000 256000 258304 768000 nodes 2063 cap 0.904549999999999998686
JOB 1003 PROVED
LEAF 236 23040 23552 1024000 256000 258304 768000 nodes 2991 cap 0.904199999999999998581
JOB 1004 PROVED
LEAF 233 23040 23552 1024000 256000 258304 768000 nodes 3447 cap 0.925124999999999998604
JOB 1001 PROVED
LEAF 237 23040 23552 1024000 256000 258304 768000 nodes 2245 cap 0.920599999999999998608
JOB 1005 PROVED
LEAF 239 23040 23552 1024000 256000 258304 768000 nodes 1971 cap 0.909224999999999998588
JOB 1007 PROVED
LEAF 238 23040 23552 1024000 256000 258304 768000 nodes 2393 cap 0.910849999999999998568
JOB 1006 PROVED
LEAF 240 23040 23552 1024000 256000 258304 768000 nodes 44391 cap 0.921899999999999998602
JOB 1008 PROVED
LEAF 242 23040 23552 1024000 256000 258304 768000 nodes 8337 cap 0.929274999999999998539
JOB 1010 PROVED
LEAF 243 23040 23552 1024000 256000 258304 768000 nodes 6543 cap 0.866174999999999998646
JOB 1011 PROVED
LEAF 244 23040 23552 1024000 256000 258304 768000 nodes 3959 cap 0.940299999999999998563
JOB 1012 PROVED
LEAF 245 23040 23552 1024000 256000 258304 768000 nodes 2699 cap 0.913974999999999998578
JOB 1013 PROVED
LEAF 246 23040 23552 1024000 256000 258304 768000 nodes 2451 cap 0.901024999999999998602
JOB 1014 PROVED
LEAF 247 23040 23552 1024000 256000 258304 768000 nodes 1971 cap 0.909224999999999998588
JOB 1015 PROVED
LEAF 248 23040 23552 1024000 256000 258304 768000 nodes 1327 cap 0.962999999999999998526
JOB 1016 PROVED
LEAF 249 23040 23552 1024000 256000 258304 768000 nodes 929 cap 0.956549999999999998467
JOB 1017 PROVED
LEAF 250 23040 23552 1024000 256000 258304 768000 nodes 747 cap 0.951349999999999998543
JOB 1018 PROVED
LEAF 251 23040 23552 1024000 256000 258304 768000 nodes 505 cap 0.953399999999999998553
JOB 1019 PROVED
LEAF 252 23040 23552 1024000 256000 258304 768000 nodes 719 cap 0.95587499999999999854
JOB 1020 PROVED
LEAF 253 23040 23552 1024000 256000 258304 768000 nodes 587 cap 0.960074999999999998551
JOB 1021 PROVED
LEAF 254 23040 23552 1024000 256000 258304 768000 nodes 627 cap 0.95417499999999999858
JOB 1022 PROVED
LEAF 255 23040 23552 1024000 256000 258304 768000 nodes 497 cap 0.957099999999999998555
JOB 1023 PROVED
LEAF 241 23040 23552 1024000 256000 258304 768000 nodes 27013 cap 0.921799999999999998557
JOB 1009 PROVED
LEAF 0 23552 24064 1024000 256000 258304 768000 nodes 21239 cap 0.861074999999999998713
JOB 1024 PROVED
LEAF 2 23552 24064 1024000 256000 258304 768000 nodes 82391 cap 0.995354999999999998442
JOB 1026 PROVED
LEAF 1 23552 24064 1024000 256000 258304 768000 nodes 28691 cap 0.939694999999999998602
JOB 1025 PROVED
LEAF 224 23040 23552 1024000 256000 258304 768000 nodes 311833 cap 0.985099999999999998541
JOB 992 PROVED
LEAF 3 23552 24064 1024000 256000 258304 768000 nodes 164031 cap 0.993279999999999998475
JOB 1027 PROVED
LEAF 225 23040 23552 1024000 256000 258304 768000 nodes 240157 cap 0.97909999999999999847
JOB 993 PROVED
LEAF 6 23552 24064 1024000 256000 258304 768000 nodes 268373 cap 1.01969999999999999833
JOB 1030 PROVED
LEAF 4 23552 24064 1024000 256000 258304 768000 nodes 194035 cap 1.04151499999999999841
JOB 1028 PROVED
LEAF 5 23552 24064 1024000 256000 258304 768000 nodes 224159 cap 1.04039999999999999831
JOB 1029 PROVED
LEAF 8 23552 24064 1024000 256000 258304 768000 nodes 324971 cap 1.04748999999999999837
JOB 1032 PROVED
LEAF 11 23552 24064 1024000 256000 258304 768000 nodes 60845 cap 0.929289999999999998633
JOB 1035 PROVED
LEAF 10 23552 24064 1024000 256000 258304 768000 nodes 101377 cap 0.99742999999999999841
JOB 1034 PROVED
LEAF 12 23552 24064 1024000 256000 258304 768000 nodes 244059 cap 0.956359999999999998511
JOB 1036 PROVED
LEAF 7 23552 24064 1024000 256000 258304 768000 nodes 312823 cap 0.987259999999999998514
JOB 1031 PROVED
LEAF 14 23552 24064 1024000 256000 258304 768000 nodes 79301 cap 0.959089999999999998516
JOB 1038 PROVED
LEAF 15 23552 24064 1024000 256000 258304 768000 nodes 46163 cap 0.924759999999999998623
JOB 1039 PROVED
LEAF 13 23552 23808 1024000 256000 258304 768000 nodes 366233 cap 0.933119999999999998541
LEAF 9 23552 24064 1024000 256000 258304 768000 nodes 332189 cap 1.01821999999999999835
JOB 1033 PROVED
LEAF 18 23552 24064 1024000 256000 258304 768000 nodes 141649 cap 1.02076999999999999832
JOB 1042 PROVED
LEAF 19 23552 24064 1024000 256000 258304 768000 nodes 16257 cap 0.985559999999999998447
JOB 1043 PROVED
LEAF 20 23552 24064 1024000 256000 258304 768000 nodes 17959 cap 1.01509999999999999841
JOB 1044 PROVED
LEAF 16 23552 24064 1024000 256000 258304 768000 nodes 324971 cap 1.04748999999999999837
JOB 1040 PROVED
LEAF 22 23552 24064 1024000 256000 258304 768000 nodes 6003 cap 0.952879999999999998545
JOB 1046 PROVED
LEAF 21 23552 24064 1024000 256000 258304 768000 nodes 6849 cap 0.99004999999999999846
JOB 1045 PROVED
LEAF 23 23552 24064 1024000 256000 258304 768000 nodes 4467 cap 0.94670999999999999857
JOB 1047 PROVED
LEAF 25 23552 24064 1024000 256000 258304 768000 nodes 3009 cap 0.985579999999999998553
JOB 1049 PROVED
LEAF 24 23552 24064 1024000 256000 258304 768000 nodes 4309 cap 1.00713999999999999846
JOB 1048 PROVED
LEAF 26 23552 24064 1024000 256000 258304 768000 nodes 2327 cap 0.966899999999999998509
JOB 1050 PROVED
LEAF 27 23552 24064 1024000 256000 258304 768000 nodes 1443 cap 0.958019999999999998528
JOB 1051 PROVED
LEAF 28 23552 24064 1024000 256000 258304 768000 nodes 2119 cap 0.965359999999999998536
JOB 1052 PROVED
LEAF 30 23552 24064 1024000 256000 258304 768000 nodes 1615 cap 0.969209999999999998551
JOB 1054 PROVED
LEAF 29 23552 24064 1024000 256000 258304 768000 nodes 1617 cap 0.974719999999999998475
JOB 1053 PROVED
LEAF 31 23552 24064 1024000 256000 258304 768000 nodes 1329 cap 0.963199999999999998508
JOB 1055 PROVED
LEAF 33 23552 24064 1024000 256000 258304 768000 nodes 161553 cap 1.07233999999999999828
JOB 1057 PROVED
LEAF 13 23808 24064 1024000 256000 258304 768000 nodes 382889 cap 0.935479999999999998605
JOB 1037 PROVED
LEAF 17 23552 24064 1024000 256000 258304 768000 nodes 404799 cap 1.0460599999999999983
JOB 1041 PROVED
LEAF 35 23552 24064 1024000 256000 258304 768000 nodes 137297 cap 1.01015999999999999846
JOB 1059 PROVED
LEAF 37 23552 24064 1024000 256000 258304 768000 nodes 26563 cap 1.01152999999999999837
JOB 1061 PROVED
LEAF 38 23552 24064 1024000 256000 258304 768000 nodes 17605 cap 0.973989999999999998566
JOB 1062 PROVED
LEAF 32 23552 24064 1024000 256000 258304 768000 nodes 194035 cap 1.04151499999999999841
JOB 1056 PROVED
LEAF 39 23552 24064 1024000 256000 258304 768000 nodes 12523 cap 0.945829999999999998539
JOB 1063 PROVED
LEAF 41 23552 24064 1024000 256000 258304 768000 nodes 8625 cap 1.00474999999999999837
JOB 1065 PROVED
LEAF 42 23552 24064 1024000 256000 258304 768000 nodes 6567 cap 0.97261999999999999855
JOB 1066 PROVED
LEAF 43 23552 24064 1024000 256000 258304 768000 nodes 4535 cap 0.934209999999999998581
JOB 1067 PROVED
LEAF 44 23552 24064 1024000 256000 258304 768000 nodes 6193 cap 0.946299999999999998525
JOB 1068 PROVED
LEAF 45 23552 24064 1024000 256000 258304 768000 nodes 4361 cap 0.960539999999999998578
JOB 1069 PROVED
LEAF 40 23552 24064 1024000 256000 258304 768000 nodes 17959 cap 1.01509999999999999841
JOB 1064 PROVED
LEAF 46 23552 24064 1024000 256000 258304 768000 nodes 4605 cap 0.961579999999999998542
JOB 1070 PROVED
LEAF 47 23552 24064 1024000 256000 258304 768000 nodes 3965 cap 0.940699999999999998582
JOB 1071 PROVED
LEAF 36 23552 24064 1024000 256000 258304 768000 nodes 224909 cap 1.01509999999999999841
JOB 1060 PROVED
LEAF 50 23552 24064 1024000 256000 258304 768000 nodes 16821 cap 0.943639999999999998595
JOB 1074 PROVED
LEAF 34 23552 24064 1024000 256000 258304 768000 nodes 313749 cap 1.06357999999999999828
JOB 1058 PROVED
LEAF 49 23552 24064 1024000 256000 258304 768000 nodes 66055 cap 0.955819999999999998558
JOB 1073 PROVED
LEAF 51 23552 24064 1024000 256000 258304 768000 nodes 11109 cap 0.866169999999999998741
JOB 1075 PROVED
LEAF 52 23552 24064 1024000 256000 258304 768000 nodes 6193 cap 0.946299999999999998525
JOB 1076 PROVED
LEAF 54 23552 24064 1024000 256000 258304 768000 nodes 3911 cap 0.894889999999999998665
JOB 1078 PROVED
LEAF 56 23552 24064 1024000 256000 258304 768000 nodes 2119 cap 0.965359999999999998536
JOB 1080 PROVED
LEAF 55 23552 24064 1024000 256000 258304 768000 nodes 2981 cap 0.904739999999999998642
JOB 1079 PROVED
LEAF 57 23552 24064 1024000 256000 258304 768000 nodes 1591 cap 0.959219999999999998477
JOB 1081 PROVED
LEAF 53 23552 24064 1024000 256000 258304 768000 nodes 4327 cap 0.915519999999999998619
JOB 1077 PROVED
LEAF 58 23552 24064 1024000 256000 258304 768000 nodes 1253 cap 0.951269999999999998604
JOB 1082 PROVED
LEAF 59 23552 24064 1024000 256000 258304 768000 nodes 767 cap 0.95200999999999999854
JOB 1083 PROVED
LEAF 61 23552 24064 1024000 256000 258304 768000 nodes 835 cap 0.960259999999999998549
JOB 1085 PROVED
LEAF 62 23552 24064 1024000 256000 258304 768000 nodes 903 cap 0.954479999999999998513
JOB 1086 PROVED
LEAF 63 23552 24064 1024000 256000 258304 768000 nodes 715 cap 0.956089999999999998562
JOB 1087 PROVED
LEAF 60 23552 24064 1024000 256000 258304 768000 nodes 1143 cap 0.951029999999999998517
JOB 1084 PROVED
LEAF 64 23552 24064 1024000 256000 258304 768000 nodes 82391 cap 0.995354999999999998442
JOB 1088 PROVED
LEAF 48 23552 24064 1024000 256000 258304 768000 nodes 244059 cap 0.956359999999999998511
JOB 1072 PROVED
LEAF 65 23552 24064 1024000 256000 258304 768000 nodes 223279 cap 1.0266299999999999983
JOB 1089 PROVED
LEAF 69 23552 24064 1024000 256000 258304 768000 nodes 237455 cap 1.02076999999999999832
JOB 1093 PROVED
LEAF 68 23552 24064 1024000 256000 258304 768000 nodes 313749 cap 1.06357999999999999828
JOB 1092 PROVED
LEAF 67 23552 24064 1024000 256000 258304 768000 nodes 335681 cap 1.03493999999999999841
JOB 1091 PROVED
LEAF 70 23552 24064 1024000 256000 258304 768000 nodes 93287 cap 0.99805999999999999849
JOB 1094 PROVED
LEAF 73 23552 24064 1024000 256000 258304 768000 nodes 32871 cap 1.01428999999999999835
JOB 1097 PROVED
LEAF 71 23552 24064 1024000 256000 258304 768000 nodes 43043 cap 0.960689999999999998484
JOB 1095 PROVED
LEAF 74 23552 24064 1024000 256000 258304 768000 nodes 15315 cap 0.992199999999999998515
JOB 1098 PROVED
LEAF 75 23552 24064 1024000 256000 258304 768000 nodes 9725 cap 0.928519999999999998565
JOB 1099 PROVED
LEAF 66 23552 24064 1024000 256000 258304 768000 nodes 231793 cap 1.06202999999999999834
JOB 1090 PROVED
LEAF 76 23552 24064 1024000 256000 258304 768000 nodes 16821 cap 0.943639999999999998595
JOB 1100 PROVED
LEAF 77 23552 24064 1024000 256000 258304 768000 nodes 10815 cap 0.946709999999999998516
JOB 1101 PROVED
LEAF 79 23552 24064 1024000 256000 258304 768000 nodes 8441 cap 0.929989999999999998571
JOB 1103 PROVED
LEAF 78 23552 24064 1024000 256000 258304 768000 nodes 10103 cap 0.961369999999999998533
JOB 1102 PROVED
LEAF 81 23552 24064 1024000 256000 258304 768000 nodes 57501 cap 1.00092999999999999843
JOB 1105 PROVED
LEAF 82 23552 24064 1024000 256000 258304 768000 nodes 15315 cap 0.992199999999999998515
JOB 1106 PROVED
LEAF 83 23552 24064 1024000 256000 258304 768000 nodes 10431 cap 0.89755999999999999862
JOB 1107 PROVED
LEAF 85 23552 24064 1024000 256000 258304 768000 nodes 4273 cap 0.919559999999999998591
JOB 1109 PROVED
LEAF 86 23552 24064 1024000 256000 258304 768000 nodes 3783 cap 0.900609999999999998651
JOB 1110 PROVED
LEAF 87 23552 24064 1024000 256000 258304 768000 nodes 2919 cap 0.907839999999999998696
JOB 1111 PROVED
LEAF 88 23552 24064 1024000 256000 258304 768000 nodes 2327 cap 0.966899999999999998509
JOB 1112 PROVED
LEAF 89 23552 24064 1024000 256000 258304 768000 nodes 1635 cap 0.953579999999999998538
JOB 1113 PROVED
LEAF 90 23552 24064 1024000 256000 258304 768000 nodes 1359 cap 0.9472999999999999986
JOB 1114 PROVED
LEAF 91 23552 24064 1024000 256000 258304 768000 nodes 827 cap 0.949039999999999998556
JOB 1115 PROVED
LEAF 92 23552 24064 1024000 256000 258304 768000 nodes 1253 cap 0.951269999999999998604
JOB 1116 PROVED
LEAF 84 23552 24064 1024000 256000 258304 768000 nodes 6567 cap 0.97261999999999999855
JOB 1108 PROVED
LEAF 93 23552 24064 1024000 256000 258304 768000 nodes 891 cap 0.955819999999999998558
JOB 1117 PROVED
LEAF 95 23552 24064 1024000 256000 258304 768000 nodes 747 cap 0.951579999999999998496
JOB 1119 PROVED
LEAF 94 23552 24064 1024000 256000 258304 768000 nodes 895 cap 0.949539999999999998566
JOB 1118 PROVED
LEAF 72 23552 24064 1024000 256000 258304 768000 nodes 141649 cap 1.02076999999999999832
JOB 1096 PROVED
LEAF 80 23552 24064 1024000 256000 258304 768000 nodes 101377 cap 0.99742999999999999841
JOB 1104 PROVED
LEAF 98 23552 24064 1024000 256000 258304 768000 nodes 93287 cap 0.99805999999999999849
JOB 1122 PROVED
LEAF 100 23552 24064 1024000 256000 258304 768000 nodes 17605 cap 0.973989999999999998566
JOB 1124 PROVED
LEAF 101 23552 24064 1024000 256000 258304 768000 nodes 16483 cap 0.882749999999999998644
JOB 1125 PROVED
LEAF 102 23552 24064 1024000 256000 258304 768000 nodes 15973 cap 0.828249999999999998756
JOB 1126 PROVED
LEAF 103 23552 24064 1024000 256000 258304 768000 nodes 10355 cap 0.836469999999999998687
JOB 1127 PROVED
LEAF 104 23552 24064 1024000 256000 258304 768000 nodes 6003 cap 0.952879999999999998545
JOB 1128 PROVED
LEAF 105 23552 24064 1024000 256000 258304 768000 nodes 4365 cap 0.921359999999999998595
JOB 1129 PROVED
LEAF 106 23552 24064 1024000 256000 258304 768000 nodes 3783 cap 0.900609999999999998651
JOB 1130 PROVED
LEAF 107 23552 24064 1024000 256000 258304 768000 nodes 2579 cap 0.897279999999999998645
JOB 1131 PROVED
LEAF 108 23552 24064 1024000 256000 258304 768000 nodes 3911 cap 0.894889999999999998665
JOB 1132 PROVED
LEAF 96 23552 24064 1024000 256000 258304 768000 nodes 268373 cap 1.01969999999999999833
JOB 1120 PROVED
LEAF 109 23552 24064 1024000 256000 258304 768000 nodes 2833 cap 0.913739999999999998613
JOB 1133 PROVED
LEAF 110 23552 24064 1024000 256000 258304 768000 nodes 2875 cap 0.903719999999999998677
JOB 1134 PROVED
LEAF 111 23552 24064 1024000 256000 258304 768000 nodes 2441 cap 0.901529999999999998625
JOB 1135 PROVED
LEAF 113 23552 24064 1024000 256000 258304 768000 nodes 29909 cap 0.963489999999999998456
JOB 1137 PROVED
LEAF 114 23552 24064 1024000 256000 258304 768000 nodes 10103 cap 0.961369999999999998533
JOB 1138 PROVED
LEAF 115 23552 24064 1024000 256000 258304 768000 nodes 7837 cap 0.890789999999999998644
JOB 1139 PROVED
LEAF 116 23552 24064 1024000 256000 258304 768000 nodes 4605 cap 0.961579999999999998542
JOB 1140 PROVED
LEAF 117 23552 24064 1024000 256000 258304 768000 nodes 3295 cap 0.922669999999999998562
JOB 1141 PROVED
LEAF 118 23552 24064 1024000 256000 258304 768000 nodes 2875 cap 0.903719999999999998677
JOB 1142 PROVED
LEAF 119 23552 24064 1024000 256000 258304 768000 nodes 2379 cap 0.911319999999999998662
JOB 1143 PROVED
LEAF 120 23552 24064 1024000 256000 258304 768000 nodes 1615 cap 0.969209999999999998551
JOB 1144 PROVED
LEAF 121 23552 24064 1024000 256000 258304 768000 nodes 1119 cap 0.956989999999999998537
JOB 1145 PROVED
LEAF 122 23552 24064 1024000 256000 258304 768000 nodes 895 cap 0.949539999999999998566
JOB 1146 PROVED
LEAF 123 23552 24064 1024000 256000 258304 768000 nodes 687 cap 0.950809999999999998536
JOB 1147 PROVED
LEAF 124 23552 24064 1024000 256000 258304 768000 nodes 903 cap 0.954479999999999998513
JOB 1148 PROVED
LEAF 125 23552 24064 1024000 256000 258304 768000 nodes 737 cap 0.959629999999999998577
JOB 1149 PROVED
LEAF 126 23552 24064 1024000 256000 258304 768000 nodes 781 cap 0.952579999999999998517
JOB 1150 PROVED
LEAF 127 23552 24064 1024000 256000 258304 768000 nodes 623 cap 0.954389999999999998494
JOB 1151 PROVED
LEAF 112 23552 24064 1024000 256000 258304 768000 nodes 79301 cap 0.959089999999999998516
JOB 1136 PROVED
LEAF 128 23552 24064 1024000 256000 258304 768000 nodes 28691 cap 0.939694999999999998602
JOB 1152 PROVED
LEAF 99 23552 23808 1024000 256000 258304 768000 nodes 43173 cap 0.872319999999999998717
LEAF 99 23808 24064 1024000 256000 258304 768000 nodes 42301 cap 0.873279999999999998742
JOB 1123 PROVED
LEAF 129 23552 24064 1024000 256000 258304 768000 nodes 62885 cap 0.999044999999999998471
JOB 1153 PROVED
LEAF 130 23552 24064 1024000 256000 258304 768000 nodes 223279 cap 1.0266299999999999983
JOB 1154 PROVED
LEAF 132 23552 24064 1024000 256000 258304 768000 nodes 161553 cap 1.07233999999999999828
JOB 1156 PROVED
LEAF 131 23552 24064 1024000 256000 258304 768000 nodes 257273 cap 1.02599999999999999838
JOB 1155 PROVED
LEAF 97 23552 24064 1024000 256000 258304 768000 nodes 391411 cap 1.01905999999999999839
JOB 1121 PROVED
LEAF 133 23552 24064 1024000 256000 258304 768000 nodes 308703 cap 1.04622999999999999831
JOB 1157 PROVED
LEAF 135 23552 24064 1024000 256000 258304 768000 nodes 250311 cap 0.98127999999999999855
JOB 1159 PROVED
LEAF 134 23552 24064 1024000 256000 258304 768000 nodes 391411 cap 1.01905999999999999839
JOB 1158 PROVED
LEAF 139 23552 24064 1024000 256000 258304 768000 nodes 36187 cap 0.926629999999999998649
JOB 1163 PROVED
LEAF 138 23552 24064 1024000 256000 258304 768000 nodes 57501 cap 1.00092999999999999843
JOB 1162 PROVED
LEAF 140 23552 24064 1024000 256000 258304 768000 nodes 66055 cap 0.955819999999999998558
JOB 1164 PROVED
LEAF 141 23552 24064 1024000 256000 258304 768000 nodes 39317 cap 0.942319999999999998548
JOB 1165 PROVED
LEAF 142 23552 24064 1024000 256000 258304 768000 nodes 29909 cap 0.963489999999999998456
JOB 1166 PROVED
LEAF 137 23552 24064 1024000 256000 258304 768000 nodes 160783 cap 1.02272999999999999837
JOB 1161 PROVED
LEAF 143 23552 24064 1024000 256000 258304 768000 nodes 29115 cap 0.922699999999999998532
JOB 1167 PROVED
LEAF 146 23552 24064 1024000 256000 258304 768000 nodes 32871 cap 1.01428999999999999835
JOB 1170 PROVED
LEAF 147 23552 24064 1024000 256000 258304 768000 nodes 11371 cap 0.941329999999999998499
JOB 1171 PROVED
LEAF 148 23552 24064 1024000 256000 258304 768000 nodes 8625 cap 1.00474999999999999837
JOB 1172 PROVED
LEAF 149 23552 24064 1024000 256000 258304 768000 nodes 5097 cap 0.948869999999999998544
JOB 1173 PROVED
LEAF 150 23552 24064 1024000 256000 258304 768000 nodes 4365 cap 0.921359999999999998595
JOB 1174 PROVED
LEAF 151 23552 24064 1024000 256000 258304 768000 nodes 3435 cap 0.925549999999999998581
JOB 1175 PROVED
LEAF 152 23552 24064 1024000 256000 258304 768000 nodes 3009 cap 0.985579999999999998553
JOB 1176 PROVED
LEAF 153 23552 24064 1024000 256000 258304 768000 nodes 2019 cap 0.963399999999999998545
JOB 1177 PROVED
LEAF 154 23552 24064 1024000 256000 258304 768000 nodes 1635 cap 0.953579999999999998538
JOB 1178 PROVED
LEAF 155 23552 24064 1024000 256000 258304 768000 nodes 1007 cap 0.953449999999999998522
JOB 1179 PROVED
LEAF 156 23552 24064 1024000 256000 258304 768000 nodes 1591 cap 0.959219999999999998477
JOB 1180 PROVED
LEAF 157 23552 24064 1024000 256000 258304 768000 nodes 1133 cap 0.964369999999999998541
JOB 1181 PROVED
LEAF 158 23552 24064 1024000 256000 258304 768000 nodes 1119 cap 0.956989999999999998537
JOB 1182 PROVED
LEAF 159 23552 24064 1024000 256000 258304 768000 nodes 929 cap 0.95675999999999999853
JOB 1183 PROVED
LEAF 145 23552 24064 1024000 256000 258304 768000 nodes 160783 cap 1.02272999999999999837
JOB 1169 PROVED
LEAF 144 23552 24064 1024000 256000 258304 768000 nodes 332189 cap 1.01821999999999999835
JOB 1168 PROVED
LEAF 160 23552 24064 1024000 256000 258304 768000 nodes 224159 cap 1.04039999999999999831
JOB 1184 PROVED
LEAF 163 23552 24064 1024000 256000 258304 768000 nodes 39791 cap 0.950959999999999998496
JOB 1187 PROVED
LEAF 164 23552 24064 1024000 256000 258304 768000 nodes 26563 cap 1.01152999999999999837
JOB 1188 PROVED
LEAF 165 23552 24064 1024000 256000 258304 768000 nodes 13759 cap 0.945419999999999998548
JOB 1189 PROVED
LEAF 162 23552 24064 1024000 256000 258304 768000 nodes 237455 cap 1.02076999999999999832
JOB 1186 PROVED
LEAF 166 23552 24064 1024000 256000 258304 768000 nodes 16483 cap 0.882749999999999998644
JOB 1190 PROVED
LEAF 168 23552 24064 1024000 256000 258304 768000 nodes 6849 cap 0.99004999999999999846
JOB 1192 PROVED
LEAF 167 23552 24064 1024000 256000 258304 768000 nodes 10551 cap 0.879119999999999998718
JOB 1191 PROVED
LEAF 169 23552 24064 1024000 256000 258304 768000 nodes 5097 cap 0.948869999999999998544
JOB 1193 PROVED
LEAF 171 23552 24064 1024000 256000 258304 768000 nodes 2863 cap 0.908879999999999998713
JOB 1195 PROVED
LEAF 170 23552 24064 1024000 256000 258304 768000 nodes 4273 cap 0.919559999999999998591
JOB 1194 PROVED
LEAF 172 23552 24064 1024000 256000 258304 768000 nodes 4327 cap 0.915519999999999998619
JOB 1196 PROVED
LEAF 173 23552 24064 1024000 256000 258304 768000 nodes 3301 cap 0.932889999999999998588
JOB 1197 PROVED
LEAF 175 23552 24064 1024000 256000 258304 768000 nodes 2699 cap 0.914429999999999998633
JOB 1199 PROVED
LEAF 174 23552 24064 1024000 256000 258304 768000 nodes 3295 cap 0.922669999999999998562
JOB 1198 PROVED
LEAF 177 23552 24064 1024000 256000 258304 768000 nodes 39317 cap 0.942319999999999998548
JOB 1201 PROVED
LEAF 161 23552 24064 1024000 256000 258304 768000 nodes 308703 cap 1.04622999999999999831
JOB 1185 PROVED
LEAF 179 23552 24064 1024000 256000 258304 768000 nodes 7169 cap 0.8916999999999999987
JOB 1203 PROVED
LEAF 178 23552 24064 1024000 256000 258304 768000 nodes 10815 cap 0.946709999999999998516
JOB 1202 PROVED
LEAF 180 23552 24064 1024000 256000 258304 768000 nodes 4361 cap 0.960539999999999998578
JOB 1204 PROVED
LEAF 181 23552 24064 1024000 256000 258304 768000 nodes 3301 cap 0.932889999999999998588
JOB 1205 PROVED
LEAF 182 23552 24064 1024000 256000 258304 768000 nodes 2833 cap 0.913739999999999998613
JOB 1206 PROVED
LEAF 183 23552 24064 1024000 256000 258304 768000 nodes 2245 cap 0.921039999999999998515
JOB 1207 PROVED
LEAF 184 23552 24064 1024000 256000 258304 768000 nodes 1617 cap 0.974719999999999998475
JOB 1208 PROVED
LEAF 185 23552 24064 1024000 256000 258304 768000 nodes 1133 cap 0.964369999999999998541
JOB 1209 PROVED
LEAF 186 23552 24064 1024000 256000 258304 768000 nodes 891 cap 0.955819999999999998558
JOB 1210 PROVED
LEAF 187 23552 24064 1024000 256000 258304 768000 nodes 605 cap 0.955889999999999998525
JOB 1211 PROVED
LEAF 189 23552 24064 1024000 256000 258304 768000 nodes 689 cap 0.966479999999999998546
JOB 1213 PROVED
LEAF 188 23552 24064 1024000 256000 258304 768000 nodes 835 cap 0.960259999999999998549
JOB 1212 PROVED
LEAF 191 23552 24064 1024000 256000 258304 768000 nodes 587 cap 0.960269999999999998521
JOB 1215 PROVED
LEAF 190 23552 24064 1024000 256000 258304 768000 nodes 737 cap 0.959629999999999998577
JOB 1214 PROVED
LEAF 136 23552 24064 1024000 256000 258304 768000 nodes 404799 cap 1.0460599999999999983
JOB 1160 PROVED
LEAF 192 23552 24064 1024000 256000 258304 768000 nodes 164031 cap 0.993279999999999998475
JOB 1216 PROVED
LEAF 193 23552 24064 1024000 256000 258304 768000 nodes 257273 cap 1.02599999999999999838
JOB 1217 PROVED
LEAF 176 23552 23808 1024000 256000 258304 768000 nodes 366233 cap 0.933119999999999998541
LEAF 195 23552 24064 1024000 256000 258304 768000 nodes 211119 cap 0.975889999999999998508
JOB 1219 PROVED
LEAF 196 23552 24064 1024000 256000 258304 768000 nodes 137297 cap 1.01015999999999999846
JOB 1220 PROVED
LEAF 197 23552 24064 1024000 256000 258304 768000 nodes 39791 cap 0.950959999999999998496
JOB 1221 PROVED
LEAF 199 23552 24064 1024000 256000 258304 768000 nodes 35009 cap 0.846969999999999998743
JOB 1223 PROVED
LEAF 200 23552 24064 1024000 256000 258304 768000 nodes 16257 cap 0.985559999999999998447
JOB 1224 PROVED
LEAF 201 23552 24064 1024000 256000 258304 768000 nodes 11371 cap 0.941329999999999998499
JOB 1225 PROVED
LEAF 202 23552 24064 1024000 256000 258304 768000 nodes 10431 cap 0.89755999999999999862
JOB 1226 PROVED
LEAF 203 23552 24064 1024000 256000 258304 768000 nodes 7195 cap 0.863879999999999998698
JOB 1227 PROVED
LEAF 204 23552 24064 1024000 256000 258304 768000 nodes 11109 cap 0.866169999999999998741
JOB 1228 PROVED
LEAF 205 23552 24064 1024000 256000 258304 768000 nodes 7169 cap 0.8916999999999999987
JOB 1229 PROVED
LEAF 206 23552 24064 1024000 256000 258304 768000 nodes 7837 cap 0.890789999999999998644
JOB 1230 PROVED
LEAF 207 23552 24064 1024000 256000 258304 768000 nodes 6485 cap 0.867089999999999998715
JOB 1231 PROVED
LEAF 208 23552 24064 1024000 256000 258304 768000 nodes 60845 cap 0.929289999999999998633
JOB 1232 PROVED
LEAF 176 23808 24064 1024000 256000 258304 768000 nodes 382889 cap 0.935479999999999998605
JOB 1200 PROVED
LEAF 210 23552 24064 1024000 256000 258304 768000 nodes 9725 cap 0.928519999999999998565
JOB 1234 PROVED
LEAF 209 23552 24064 1024000 256000 258304 768000 nodes 36187 cap 0.926629999999999998649
JOB 1233 PROVED
LEAF 211 23552 24064 1024000 256000 258304 768000 nodes 7195 cap 0.863879999999999998698
JOB 1235 PROVED
LEAF 213 23552 24064 1024000 256000 258304 768000 nodes 2863 cap 0.908879999999999998713
JOB 1237 PROVED
LEAF 212 23552 24064 1024000 256000 258304 768000 nodes 4535 cap 0.934209999999999998581
JOB 1236 PROVED
LEAF 214 23552 24064 1024000 256000 258304 768000 nodes 2579 cap 0.897279999999999998645
JOB 1238 PROVED
LEAF 216 23552 24064 1024000 256000 258304 768000 nodes 1443 cap 0.958019999999999998528
JOB 1240 PROVED
LEAF 217 23552 24064 1024000 256000 258304 768000 nodes 1007 cap 0.953449999999999998522
JOB 1241 PROVED
LEAF 215 23552 24064 1024000 256000 258304 768000 nodes 2061 cap 0.90503999999999999867
JOB 1239 PROVED
LEAF 218 23552 24064 1024000 256000 258304 768000 nodes 827 cap 0.949039999999999998556
JOB 1242 PROVED
LEAF 219 23552 24064 1024000 256000 258304 768000 nodes 507 cap 0.951209999999999998556
JOB 1243 PROVED
LEAF 220 23552 24064 1024000 256000 258304 768000 nodes 767 cap 0.95200999999999999854
JOB 1244 PROVED
LEAF 222 23552 24064 1024000 256000 258304 768000 nodes 687 cap 0.950809999999999998536
JOB 1246 PROVED
LEAF 221 23552 24064 1024000 256000 258304 768000 nodes 605 cap 0.955889999999999998525
JOB 1245 PROVED
LEAF 223 23552 24064 1024000 256000 258304 768000 nodes 499 cap 0.953619999999999998534
JOB 1247 PROVED
LEAF 198 23552 23808 1024000 256000 258304 768000 nodes 43173 cap 0.872319999999999998717
LEAF 198 23808 24064 1024000 256000 258304 768000 nodes 42301 cap 0.873279999999999998742
JOB 1222 PROVED
LEAF 194 23552 24064 1024000 256000 258304 768000 nodes 335681 cap 1.03493999999999999841
JOB 1218 PROVED
LEAF 226 23552 24064 1024000 256000 258304 768000 nodes 43043 cap 0.960689999999999998484
JOB 1250 PROVED
LEAF 228 23552 24064 1024000 256000 258304 768000 nodes 12523 cap 0.945829999999999998539
JOB 1252 PROVED
LEAF 229 23552 24064 1024000 256000 258304 768000 nodes 10551 cap 0.879119999999999998718
JOB 1253 PROVED
LEAF 227 23552 24064 1024000 256000 258304 768000 nodes 35009 cap 0.846969999999999998743
JOB 1251 PROVED
LEAF 230 23552 24064 1024000 256000 258304 768000 nodes 10355 cap 0.836469999999999998687
JOB 1254 PROVED
LEAF 225 23552 24064 1024000 256000 258304 768000 nodes 250311 cap 0.98127999999999999855
JOB 1249 PROVED
LEAF 232 23552 24064 1024000 256000 258304 768000 nodes 4467 cap 0.94670999999999999857
JOB 1256 PROVED
LEAF 233 23552 24064 1024000 256000 258304 768000 nodes 3435 cap 0.925549999999999998581
JOB 1257 PROVED
LEAF 235 23552 24064 1024000 256000 258304 768000 nodes 2061 cap 0.90503999999999999867
JOB 1259 PROVED
LEAF 234 23552 24064 1024000 256000 258304 768000 nodes 2919 cap 0.907839999999999998696
JOB 1258 PROVED
LEAF 236 23552 24064 1024000 256000 258304 768000 nodes 2981 cap 0.904739999999999998642
JOB 1260 PROVED
LEAF 238 23552 24064 1024000 256000 258304 768000 nodes 2379 cap 0.911319999999999998662
JOB 1262 PROVED
LEAF 237 23552 24064 1024000 256000 258304 768000 nodes 2245 cap 0.921039999999999998515
JOB 1261 PROVED
LEAF 239 23552 24064 1024000 256000 258304 768000 nodes 1961 cap 0.909689999999999998669
JOB 1263 PROVED
LEAF 231 23552 24064 1024000 256000 258304 768000 nodes 7627 cap 0.846749999999999998762
JOB 1255 PROVED
LEAF 241 23552 24064 1024000 256000 258304 768000 nodes 29115 cap 0.922699999999999998532
JOB 1265 PROVED
LEAF 242 23552 24064 1024000 256000 258304 768000 nodes 8441 cap 0.929989999999999998571
JOB 1266 PROVED
LEAF 243 23552 24064 1024000 256000 258304 768000 nodes 6485 cap 0.867089999999999998715
JOB 1267 PROVED
LEAF 245 23552 24064 1024000 256000 258304 768000 nodes 2699 cap 0.914429999999999998633
JOB 1269 PROVED
LEAF 246 23552 24064 1024000 256000 258304 768000 nodes 2441 cap 0.901529999999999998625
JOB 1270 PROVED
LEAF 247 23552 24064 1024000 256000 258304 768000 nodes 1961 cap 0.909689999999999998669
JOB 1271 PROVED
LEAF 248 23552 24064 1024000 256000 258304 768000 nodes 1329 cap 0.963199999999999998508
JOB 1272 PROVED
LEAF 244 23552 24064 1024000 256000 258304 768000 nodes 3965 cap 0.940699999999999998582
JOB 1268 PROVED
LEAF 249 23552 24064 1024000 256000 258304 768000 nodes 929 cap 0.95675999999999999853
JOB 1273 PROVED
LEAF 251 23552 24064 1024000 256000 258304 768000 nodes 499 cap 0.953619999999999998534
JOB 1275 PROVED
LEAF 252 23552 24064 1024000 256000 258304 768000 nodes 715 cap 0.956089999999999998562
JOB 1276 PROVED
LEAF 253 23552 24064 1024000 256000 258304 768000 nodes 587 cap 0.960269999999999998521
JOB 1277 PROVED
LEAF 250 23552 24064 1024000 256000 258304 768000 nodes 747 cap 0.951579999999999998496
JOB 1274 PROVED
LEAF 254 23552 24064 1024000 256000 258304 768000 nodes 623 cap 0.954389999999999998494
JOB 1278 PROVED
LEAF 255 23552 24064 1024000 256000 258304 768000 nodes 497 cap 0.957299999999999998537
JOB 1279 PROVED
LEAF 0 24064 24576 1024000 256000 258304 768000 nodes 20787 cap 0.858999999999999998637
JOB 1280 PROVED
LEAF 240 23552 24064 1024000 256000 258304 768000 nodes 46163 cap 0.924759999999999998623
JOB 1264 PROVED
LEAF 1 24064 24576 1024000 256000 258304 768000 nodes 27631 cap 0.938279999999999998577
JOB 1281 PROVED
LEAF 2 24064 24576 1024000 256000 258304 768000 nodes 77331 cap 0.994719999999999998511
JOB 1282 PROVED
LEAF 224 23552 24064 1024000 256000 258304 768000 nodes 312823 cap 0.987259999999999998514
JOB 1248 PROVED
LEAF 3 24064 24576 1024000 256000 258304 768000 nodes 158769 cap 0.992019999999999998477
JOB 1283 PROVED
LEAF 5 24064 24576 1024000 256000 258304 768000 nodes 221945 cap 1.0410999999999999983
JOB 1285 PROVED
LEAF 6 24064 24576 1024000 256000 258304 768000 nodes 265423 cap 1.0207999999999999984
JOB 1286 PROVED
LEAF 4 24064 24576 1024000 256000 258304 768000 nodes 199499 cap 1.04045999999999999836
JOB 1284 PROVED
LEAF 7 24064 24576 1024000 256000 258304 768000 nodes 312733 cap 0.989419999999999998542
JOB 1287 PROVED
LEAF 11 24064 24576 1024000 256000 258304 768000 nodes 65247 cap 0.931854999999999998638
JOB 1291 PROVED
LEAF 10 24064 24576 1024000 256000 258304 768000 nodes 108923 cap 0.998984999999999998422
JOB 1290 PROVED
LEAF 8 24064 24576 1024000 256000 258304 768000 nodes 309487 cap 1.0499049999999999983
JOB 1288 PROVED
LEAF 9 24064 24576 1024000 256000 258304 768000 nodes 336267 cap 1.0203899999999999983
JOB 1289 PROVED
LEAF 14 24064 24576 1024000 256000 258304 768000 nodes 83299 cap 0.962454999999999998614
JOB 1294 PROVED
LEAF 15 24064 24576 1024000 256000 258304 768000 nodes 48705 cap 0.927619999999999998589
JOB 1295 PROVED
LEAF 12 24064 24576 1024000 256000 258304 768000 nodes 266223 cap 0.959919999999999998579
JOB 1292 PROVED
LEAF 16 24064 24576 1024000 256000 258304 768000 nodes 309487 cap 1.0499049999999999983
JOB 1296 PROVED
LEAF 19 24064 24576 1024000 256000 258304 768000 nodes 16699 cap 0.985919999999999998578
JOB 1299 PROVED
LEAF 20 24064 24576 1024000 256000 258304 768000 nodes 18539 cap 1.01509999999999999841
JOB 1300 PROVED
LEAF 21 24064 24576 1024000 256000 258304 768000 nodes 6883 cap 0.990224999999999998485
JOB 1301 PROVED
LEAF 22 24064 24576 1024000 256000 258304 768000 nodes 6043 cap 0.953259999999999998566
JOB 1302 PROVED
LEAF 23 24064 24576 1024000 256000 258304 768000 nodes 4447 cap 0.94709499999999999855
JOB 1303 PROVED
LEAF 18 24064 24576 1024000 256000 258304 768000 nodes 149715 cap 1.02171499999999999831
JOB 1298 PROVED
LEAF 24 24064 24576 1024000 256000 258304 768000 nodes 4363 cap 1.00717999999999999845
JOB 1304 PROVED
LEAF 25 24064 24576 1024000 256000 258304 768000 nodes 3003 cap 0.985709999999999998515
JOB 1305 PROVED
LEAF 26 24064 24576 1024000 256000 258304 768000 nodes 2331 cap 0.967099999999999998546
JOB 1306 PROVED
LEAF 27 24064 24576 1024000 256000 258304 768000 nodes 1447 cap 0.958239999999999998509
JOB 1307 PROVED
LEAF 28 24064 24576 1024000 256000 258304 768000 nodes 2129 cap 0.965569999999999998599
JOB 1308 PROVED
LEAF 30 24064 24576 1024000 256000 258304 768000 nodes 1625 cap 0.969394999999999998494
JOB 1310 PROVED
LEAF 29 24064 24576 1024000 256000 258304 768000 nodes 1609 cap 0.974889999999999998541
JOB 1309 PROVED
LEAF 31 24064 24576 1024000 256000 258304 768000 nodes 1321 cap 0.963399999999999998545
JOB 1311 PROVED
LEAF 33 24064 24576 1024000 256000 258304 768000 nodes 161647 cap 1.07252999999999999834
JOB 1313 PROVED
LEAF 17 24064 24576 1024000 256000 258304 768000 nodes 389237 cap 1.04851999999999999836
JOB 1297 PROVED
LEAF 32 24064 24576 1024000 256000 258304 768000 nodes 199499 cap 1.04045999999999999836
JOB 1312 PROVED
LEAF 35 24064 24576 1024000 256000 258304 768000 nodes 145119 cap 1.01031999999999999845
JOB 1315 PROVED
LEAF 37 24064 24576 1024000 256000 258304 768000 nodes 27395 cap 1.01158499999999999841
JOB 1317 PROVED
LEAF 38 24064 24576 1024000 256000 258304 768000 nodes 18101 cap 0.974504999999999998561
JOB 1318 PROVED
LEAF 34 24064 24576 1024000 256000 258304 768000 nodes 303715 cap 1.06535999999999999829
JOB 1314 PROVED
LEAF 39 24064 24576 1024000 256000 258304 768000 nodes 12687 cap 0.946534999999999998599
JOB 1319 PROVED
LEAF 41 24064 24576 1024000 256000 258304 768000 nodes 8721 cap 1.00482499999999999835
JOB 1321 PROVED
LEAF 40 24064 24576 1024000 256000 258304 768000 nodes 18539 cap 1.01509999999999999841
JOB 1320 PROVED
LEAF 43 24064 24576 1024000 256000 258304 768000 nodes 4545 cap 0.934644999999999998584
JOB 1323 PROVED
LEAF 42 24064 24576 1024000 256000 258304 768000 nodes 6661 cap 0.972889999999999998554
JOB 1322 PROVED
LEAF 45 24064 24576 1024000 256000 258304 768000 nodes 4403 cap 0.960879999999999998603
JOB 1325 PROVED
LEAF 36 24064 24576 1024000 256000 258304 768000 nodes 213747 cap 1.01509999999999999841
JOB 1316 PROVED
LEAF 44 24064 24576 1024000 256000 258304 768000 nodes 6181 cap 0.946749999999999998621
JOB 1324 PROVED
LEAF 47 24064 24576 1024000 256000 258304 768000 nodes 3961 cap 0.941099999999999998601
JOB 1327 PROVED
LEAF 46 24064 24576 1024000 256000 258304 768000 nodes 4629 cap 0.961909999999999998594
JOB 1326 PROVED
LEAF 50 24064 24576 1024000 256000 258304 768000 nodes 17439 cap 0.944429999999999998607
JOB 1330 PROVED
LEAF 13 24064 24320 1024000 256000 258304 768000 nodes 397803 cap 0.937839999999999998615
LEAF 51 24064 24576 1024000 256000 258304 768000 nodes 11139 cap 0.867314999999999998709
JOB 1331 PROVED
LEAF 52 24064 24576 1024000 256000 258304 768000 nodes 6181 cap 0.946749999999999998621
JOB 1332 PROVED
LEAF 53 24064 24576 1024000 256000 258304 768000 nodes 4293 cap 0.916039999999999998574
JOB 1333 PROVED
LEAF 54 24064 24576 1024000 256000 258304 768000 nodes 3893 cap 0.895504999999999998651
JOB 1334 PROVED
LEAF 55 24064 24576 1024000 256000 258304 768000 nodes 2977 cap 0.905279999999999998703
JOB 1335 PROVED
LEAF 56 24064 24576 1024000 256000 258304 768000 nodes 2129 cap 0.965569999999999998599
JOB 1336 PROVED
LEAF 57 24064 24576 1024000 256000 258304 768000 nodes 1589 cap 0.959439999999999998566
JOB 1337 PROVED
LEAF 58 24064 24576 1024000 256000 258304 768000 nodes 1243 cap 0.951514999999999998597
JOB 1338 PROVED
LEAF 59 24064 24576 1024000 256000 258304 768000 nodes 765 cap 0.95224499999999999856
JOB 1339 PROVED
LEAF 60 24064 24576 1024000 256000 258304 768000 nodes 1101 cap 0.95128499999999999859
JOB 1340 PROVED
LEAF 61 24064 24576 1024000 256000 258304 768000 nodes 833 cap 0.960469999999999998557
JOB 1341 PROVED
LEAF 62 24064 24576 1024000 256000 258304 768000 nodes 901 cap 0.954709999999999998574
JOB 1342 PROVED
LEAF 63 24064 24576 1024000 256000 258304 768000 nodes 713 cap 0.956304999999999998529
JOB 1343 PROVED
LEAF 49 24064 24576 1024000 256000 258304 768000 nodes 72151 cap 0.958239999999999998617
JOB 1329 PROVED
LEAF 64 24064 24576 1024000 256000 258304 768000 nodes 77331 cap 0.994719999999999998511
JOB 1344 PROVED
LEAF 65 24064 24576 1024000 256000 258304 768000 nodes 226387 cap 1.0257199999999999984
JOB 1345 PROVED
LEAF 48 24064 24576 1024000 256000 258304 768000 nodes 266223 cap 0.959919999999999998579
JOB 1328 PROVED
LEAF 66 24064 24576 1024000 256000 258304 768000 nodes 236481 cap 1.0610199999999999984
JOB 1346 PROVED
LEAF 68 24064 24576 1024000 256000 258304 768000 nodes 303715 cap 1.06535999999999999829
JOB 1348 PROVED
LEAF 69 24064 24576 1024000 256000 258304 768000 nodes 243639 cap 1.02171499999999999831
JOB 1349 PROVED
LEAF 67 24064 24576 1024000 256000 258304 768000 nodes 325801 cap 1.03537999999999999837
JOB 1347 PROVED
LEAF 71 24064 24576 1024000 256000 258304 768000 nodes 45431 cap 0.961754999999999998513
JOB 1351 PROVED
LEAF 70 24064 24576 1024000 256000 258304 768000 nodes 100081 cap 0.99851999999999999845
JOB 1350 PROVED
LEAF 74 24064 24576 1024000 256000 258304 768000 nodes 15847 cap 0.992449999999999998521
JOB 1354 PROVED
LEAF 73 24064 24576 1024000 256000 258304 768000 nodes 34503 cap 1.01430499999999999839
JOB 1353 PROVED
LEAF 75 24064 24576 1024000 256000 258304 768000 nodes 9919 cap 0.92923999999999999861
JOB 1355 PROVED
LEAF 77 24064 24576 1024000 256000 258304 768000 nodes 11123 cap 0.947394999999999998524
JOB 1357 PROVED
LEAF 76 24064 24576 1024000 256000 258304 768000 nodes 17439 cap 0.944429999999999998607
JOB 1356 PROVED
LEAF 79 24064 24576 1024000 256000 258304 768000 nodes 8571 cap 0.930704999999999998658
JOB 1359 PROVED
LEAF 78 24064 24576 1024000 256000 258304 768000 nodes 10391 cap 0.961914999999999998607
JOB 1358 PROVED
LEAF 72 24064 24576 1024000 256000 258304 768000 nodes 149715 cap 1.02171499999999999831
JOB 1352 PROVED
LEAF 13 24320 24576 1024000 256000 258304 768000 nodes 410237 cap 0.940199999999999998517
JOB 1293 PROVED
LEAF 82 24064 24576 1024000 256000 258304 768000 nodes 15847 cap 0.992449999999999998521
JOB 1362 PROVED
LEAF 83 24064 24576 1024000 256000 258304 768000 nodes 10353 cap 0.898369999999999998631
JOB 1363 PROVED
LEAF 84 24064 24576 1024000 256000 258304 768000 nodes 6661 cap 0.972889999999999998554
JOB 1364 PROVED
LEAF 85 24064 24576 1024000 256000 258304 768000 nodes 4253 cap 0.920019999999999998604
JOB 1365 PROVED
LEAF 87 24064 24576 1024000 256000 258304 768000 nodes 2907 cap 0.908329999999999998626
JOB 1367 PROVED
LEAF 86 24064 24576 1024000 256000 258304 768000 nodes 3777 cap 0.901144999999999998699
JOB 1366 PROVED
LEAF 89 24064 24576 1024000 256000 258304 768000 nodes 1637 cap 0.953809999999999998545
JOB 1369 PROVED
LEAF 88 24064 24576 1024000 256000 258304 768000 nodes 2331 cap 0.967099999999999998546
JOB 1368 PROVED
LEAF 91 24064 24576 1024000 256000 258304 768000 nodes 827 cap 0.949279999999999998643
JOB 1371 PROVED
LEAF 90 24064 24576 1024000 256000 258304 768000 nodes 1353 cap 0.947549999999999998605
JOB 1370 PROVED
LEAF 93 24064 24576 1024000 256000 258304 768000 nodes 881 cap 0.956039999999999998593
JOB 1373 PROVED
LEAF 92 24064 24576 1024000 256000 258304 768000 nodes 1243 cap 0.951514999999999998597
JOB 1372 PROVED
LEAF 94 24064 24576 1024000 256000 258304 768000 nodes 895 cap 0.949779999999999998599
JOB 1374 PROVED
LEAF 95 24064 24576 1024000 256000 258304 768000 nodes 743 cap 0.951809999999999998557
JOB 1375 PROVED
LEAF 81 24064 24576 1024000 256000 258304 768000 nodes 62659 cap 1.00123499999999999837
JOB 1361 PROVED
LEAF 80 24064 24576 1024000 256000 258304 768000 nodes 108923 cap 0.998984999999999998422
JOB 1360 PROVED
LEAF 98 24064 24576 1024000 256000 258304 768000 nodes 100081 cap 0.99851999999999999845
JOB 1378 PROVED
LEAF 100 24064 24576 1024000 256000 258304 768000 nodes 18101 cap 0.974504999999999998561
JOB 1380 PROVED
LEAF 96 24064 24576 1024000 256000 258304 768000 nodes 265423 cap 1.0207999999999999984
JOB 1376 PROVED
LEAF 102 24064 24576 1024000 256000 258304 768000 nodes 15435 cap 0.829574999999999998762
JOB 1382 PROVED
LEAF 101 24064 24576 1024000 256000 258304 768000 nodes 15875 cap 0.883774999999999998676
JOB 1381 PROVED
LEAF 103 24064 24576 1024000 256000 258304 768000 nodes 10287 cap 0.837664999999999998731
JOB 1383 PROVED
LEAF 105 24064 24576 1024000 256000 258304 768000 nodes 4367 cap 0.921819999999999998609
JOB 1385 PROVED
LEAF 106 24064 24576 1024000 256000 258304 768000 nodes 3777 cap 0.901144999999999998699
JOB 1386 PROVED
LEAF 104 24064 24576 1024000 256000 258304 768000 nodes 6043 cap 0.953259999999999998566
JOB 1384 PROVED
LEAF 107 24064 24576 1024000 256000 258304 768000 nodes 2571 cap 0.897809999999999998626
JOB 1387 PROVED
LEAF 99 24064 24320 1024000 256000 258304 768000 nodes 41693 cap 0.874239999999999998658
LEAF 109 24064 24576 1024000 256000 258304 768000 nodes 2827 cap 0.914229999999999998651
JOB 1389 PROVED
LEAF 110 24064 24576 1024000 256000 258304 768000 nodes 2865 cap 0.904239999999999998686
JOB 1390 PROVED
LEAF 108 24064 24576 1024000 256000 258304 768000 nodes 3893 cap 0.895504999999999998651
JOB 1388 PROVED
LEAF 111 24064 24576 1024000 256000 258304 768000 nodes 2423 cap 0.902034999999999998649
JOB 1391 PROVED
LEAF 113 24064 24576 1024000 256000 258304 768000 nodes 32209 cap 0.965354999999999998631
JOB 1393 PROVED
LEAF 114 24064 24576 1024000 256000 258304 768000 nodes 10391 cap 0.961914999999999998607
JOB 1394 PROVED
LEAF 115 24064 24576 1024000 256000 258304 768000 nodes 7777 cap 0.891654999999999998636
JOB 1395 PROVED
LEAF 116 24064 24576 1024000 256000 258304 768000 nodes 4629 cap 0.961909999999999998594
JOB 1396 PROVED
LEAF 117 24064 24576 1024000 256000 258304 768000 nodes 3307 cap 0.923114999999999998645
JOB 1397 PROVED
LEAF 99 24320 24576 1024000 256000 258304 768000 nodes 41361 cap 0.875199999999999998682
JOB 1379 PROVED
LEAF 97 24064 24576 1024000 256000 258304 768000 nodes 377997 cap 1.02081999999999999834
JOB 1377 PROVED
LEAF 118 24064 24576 1024000 256000 258304 768000 nodes 2865 cap 0.904239999999999998686
JOB 1398 PROVED
LEAF 120 24064 24576 1024000 256000 258304 768000 nodes 1625 cap 0.969394999999999998494
JOB 1400 PROVED
LEAF 121 24064 24576 1024000 256000 258304 768000 nodes 1119 cap 0.957204999999999998559
JOB 1401 PROVED
LEAF 122 24064 24576 1024000 256000 258304 768000 nodes 895 cap 0.949779999999999998599
JOB 1402 PROVED
LEAF 123 24064 24576 1024000 256000 258304 768000 nodes 683 cap 0.951044999999999998611
JOB 1403 PROVED
LEAF 124 24064 24576 1024000 256000 258304 768000 nodes 901 cap 0.954709999999999998574
JOB 1404 PROVED
LEAF 125 24064 24576 1024000 256000 258304 768000 nodes 739 cap 0.959834999999999998572
JOB 1405 PROVED
LEAF 119 24064 24576 1024000 256000 258304 768000 nodes 2367 cap 0.911789999999999998648
JOB 1399 PROVED
LEAF 126 24064 24576 1024000 256000 258304 768000 nodes 773 cap 0.952809999999999998578
JOB 1406 PROVED
LEAF 127 24064 24576 1024000 256000 258304 768000 nodes 619 cap 0.95460499999999999857
JOB 1407 PROVED
LEAF 128 24064 24576 1024000 256000 258304 768000 nodes 27631 cap 0.938279999999999998577
JOB 1408 PROVED
LEAF 129 24064 24576 1024000 256000 258304 768000 nodes 59373 cap 0.998579999999999998499
JOB 1409 PROVED
LEAF 112 24064 24576 1024000 256000 258304 768000 nodes 83299 cap 0.962454999999999998614
JOB 1392 PROVED
LEAF 132 24064 24576 1024000 256000 258304 768000 nodes 161647 cap 1.07252999999999999834
JOB 1412 PROVED
LEAF 130 24064 24576 1024000 256000 258304 768000 nodes 226387 cap 1.0257199999999999984
JOB 1410 PROVED
LEAF 131 24064 24576 1024000 256000 258304 768000 nodes 259561 cap 1.02499999999999999847
JOB 1411 PROVED
LEAF 135 24064 24576 1024000 256000 258304 768000 nodes 260243 cap 0.983459999999999998522
JOB 1415 PROVED
LEAF 134 24064 24576 1024000 256000 258304 768000 nodes 377997 cap 1.02081999999999999834
JOB 1414 PROVED
LEAF 133 24064 24576 1024000 256000 258304 768000 nodes 297897 cap 1.04783499999999999829
JOB 1413 PROVED
LEAF 138 24064 24576 1024000 256000 258304 768000 nodes 62659 cap 1.00123499999999999837
JOB 1418 PROVED
LEAF 137 24064 24576 1024000 256000 258304 768000 nodes 170313 cap 1.02413499999999999837
JOB 1417 PROVED
LEAF 139 24064 24576 1024000 256000 258304 768000 nodes 40361 cap 0.927334999999999998655
JOB 1419 PROVED
LEAF 141 24064 24576 1024000 256000 258304 768000 nodes 42547 cap 0.945189999999999998595
JOB 1421 PROVED
LEAF 140 24064 24576 1024000 256000 258304 768000 nodes 72151 cap 0.958239999999999998617
JOB 1420 PROVED
LEAF 143 24064 24576 1024000 256000 258304 768000 nodes 31817 cap 0.923599999999999998562
JOB 1423 PROVED
LEAF 136 24064 24576 1024000 256000 258304 768000 nodes 389237 cap 1.04851999999999999836
JOB 1416 PROVED
LEAF 142 24064 24576 1024000 256000 258304 768000 nodes 32209 cap 0.965354999999999998631
JOB 1422 PROVED
LEAF 147 24064 24576 1024000 256000 258304 768000 nodes 11423 cap 0.941934999999999998623
JOB 1427 PROVED
LEAF 146 24064 24576 1024000 256000 258304 768000 nodes 34503 cap 1.01430499999999999839
JOB 1426 PROVED
LEAF 148 24064 24576 1024000 256000 258304 768000 nodes 8721 cap 1.00482499999999999835
JOB 1428 PROVED
LEAF 149 24064 24576 1024000 256000 258304 768000 nodes 5091 cap 0.949214999999999998581
JOB 1429 PROVED
LEAF 150 24064 24576 1024000 256000 258304 768000 nodes 4367 cap 0.921819999999999998609
JOB 1430 PROVED
LEAF 151 24064 24576 1024000 256000 258304 768000 nodes 3437 cap 0.925974999999999998611
JOB 1431 PROVED
LEAF 152 24064 24576 1024000 256000 258304 768000 nodes 3003 cap 0.985709999999999998515
JOB 1432 PROVED
LEAF 153 24064 24576 1024000 256000 258304 768000 nodes 1963 cap 0.963599999999999998581
JOB 1433 PROVED
LEAF 155 24064 24576 1024000 256000 258304 768000 nodes 1007 cap 0.95367499999999999857
JOB 1435 PROVED
LEAF 154 24064 24576 1024000 256000 258304 768000 nodes 1637 cap 0.953809999999999998545
JOB 1434 PROVED
LEAF 156 24064 24576 1024000 256000 258304 768000 nodes 1589 cap 0.959439999999999998566
JOB 1436 PROVED
LEAF 157 24064 24576 1024000 256000 258304 768000 nodes 1131 cap 0.964564999999999998619
JOB 1437 PROVED
LEAF 158 24064 24576 1024000 256000 258304 768000 nodes 1119 cap 0.957204999999999998559
JOB 1438 PROVED
LEAF 159 24064 24576 1024000 256000 258304 768000 nodes 925 cap 0.956969999999999998593
JOB 1439 PROVED
LEAF 145 24064 24576 1024000 256000 258304 768000 nodes 170313 cap 1.02413499999999999837
JOB 1425 PROVED
LEAF 144 24064 24576 1024000 256000 258304 768000 nodes 336267 cap 1.0203899999999999983
JOB 1424 PROVED
LEAF 163 24064 24576 1024000 256000 258304 768000 nodes 40273 cap 0.952019999999999998566
JOB 1443 PROVED
LEAF 164 24064 24576 1024000 256000 258304 768000 nodes 27395 cap 1.01158499999999999841
JOB 1444 PROVED
LEAF 165 24064 24576 1024000 256000 258304 768000 nodes 14007 cap 0.946039999999999998602
JOB 1445 PROVED
LEAF 162 24064 24576 1024000 256000 258304 768000 nodes 243639 cap 1.02171499999999999831
JOB 1442 PROVED
LEAF 166 24064 24576 1024000 256000 258304 768000 nodes 15875 cap 0.883774999999999998676
JOB 1446 PROVED
LEAF 167 24064 24576 1024000 256000 258304 768000 nodes 10511 cap 0.88008999999999999866
JOB 1447 PROVED
LEAF 168 24064 24576 1024000 256000 258304 768000 nodes 6883 cap 0.990224999999999998485
JOB 1448 PROVED
LEAF 170 24064 24576 1024000 256000 258304 768000 nodes 4253 cap 0.920019999999999998604
JOB 1450 PROVED
LEAF 169 24064 24576 1024000 256000 258304 768000 nodes 5091 cap 0.949214999999999998581
JOB 1449 PROVED
LEAF 171 24064 24576 1024000 256000 258304 768000 nodes 2839 cap 0.909359999999999998617
JOB 1451 PROVED
LEAF 172 24064 24576 1024000 256000 258304 768000 nodes 4293 cap 0.916039999999999998574
JOB 1452 PROVED
LEAF 173 24064 24576 1024000 256000 258304 768000 nodes 3281 cap 0.933304999999999998593
JOB 1453 PROVED
LEAF 174 24064 24576 1024000 256000 258304 768000 nodes 3307 cap 0.923114999999999998645
JOB 1454 PROVED
LEAF 175 24064 24576 1024000 256000 258304 768000 nodes 2691 cap 0.914884999999999998634
JOB 1455 PROVED
LEAF 177 24064 24576 1024000 256000 258304 768000 nodes 42547 cap 0.945189999999999998595
JOB 1457 PROVED
LEAF 160 24064 24576 1024000 256000 258304 768000 nodes 221945 cap 1.0410999999999999983
JOB 1440 PROVED
LEAF 178 24064 24576 1024000 256000 258304 768000 nodes 11123 cap 0.947394999999999998524
JOB 1458 PROVED
LEAF 180 24064 24576 1024000 256000 258304 768000 nodes 4403 cap 0.960879999999999998603
JOB 1460 PROVED
LEAF 181 24064 24576 1024000 256000 258304 768000 nodes 3281 cap 0.933304999999999998593
JOB 1461 PROVED
LEAF 179 24064 24576 1024000 256000 258304 768000 nodes 7189 cap 0.892599999999999998676
JOB 1459 PROVED
LEAF 182 24064 24576 1024000 256000 258304 768000 nodes 2827 cap 0.914229999999999998651
JOB 1462 PROVED
LEAF 184 24064 24576 1024000 256000 258304 768000 nodes 1609 cap 0.974889999999999998541
JOB 1464 PROVED
LEAF 183 24064 24576 1024000 256000 258304 768000 nodes 2241 cap 0.921479999999999998639
JOB 1463 PROVED
LEAF 185 24064 24576 1024000 256000 258304 768000 nodes 1131 cap 0.964564999999999998619
JOB 1465 PROVED
LEAF 187 24064 24576 1024000 256000 258304 768000 nodes 603 cap 0.956104999999999998601
JOB 1467 PROVED
LEAF 186 24064 24576 1024000 256000 258304 768000 nodes 881 cap 0.956039999999999998593
JOB 1466 PROVED
LEAF 188 24064 24576 1024000 256000 258304 768000 nodes 833 cap 0.960469999999999998557
JOB 1468 PROVED
LEAF 190 24064 24576 1024000 256000 258304 768000 nodes 739 cap 0.959834999999999998572
JOB 1470 PROVED
LEAF 189 24064 24576 1024000 256000 258304 768000 nodes 667 cap 0.966659999999999998584
JOB 1469 PROVED
LEAF 191 24064 24576 1024000 256000 258304 768000 nodes 583 cap 0.960464999999999998544
JOB 1471 PROVED
LEAF 192 24064 24576 1024000 256000 258304 768000 nodes 158769 cap 0.992019999999999998477
JOB 1472 PROVED
LEAF 161 24064 24576 1024000 256000 258304 768000 nodes 297897 cap 1.04783499999999999829
JOB 1441 PROVED
LEAF 193 24064 24576 1024000 256000 258304 768000 nodes 259561 cap 1.02499999999999999847
JOB 1473 PROVED
LEAF 176 24064 24320 1024000 256000 258304 768000 nodes 397803 cap 0.937839999999999998615
LEAF 196 24064 24576 1024000 256000 258304 768000 nodes 145119 cap 1.01031999999999999845
JOB 1476 PROVED
LEAF 197 24064 24576 1024000 256000 258304 768000 nodes 40273 cap 0.952019999999999998566
JOB 1477 PROVED
LEAF 195 24064 24576 1024000 256000 258304 768000 nodes 229443 cap 0.977154999999999998519
JOB 1475 PROVED
LEAF 199 24064 24576 1024000 256000 258304 768000 nodes 34255 cap 0.848914999999999998748
JOB 1479 PROVED
LEAF 200 24064 24576 1024000 256000 258304 768000 nodes 16699 cap 0.985919999999999998578
JOB 1480 PROVED
LEAF 201 24064 24576 1024000 256000 258304 768000 nodes 11423 cap 0.941934999999999998623
JOB 1481 PROVED
LEAF 202 24064 24576 1024000 256000 258304 768000 nodes 10353 cap 0.898369999999999998631
JOB 1482 PROVED
LEAF 194 24064 24576 1024000 256000 258304 768000 nodes 325801 cap 1.03537999999999999837
JOB 1474 PROVED
LEAF 203 24064 24576 1024000 256000 258304 768000 nodes 7123 cap 0.864809999999999998698
JOB 1483 PROVED
LEAF 198 24064 24320 1024000 256000 258304 768000 nodes 41693 cap 0.874239999999999998658
LEAF 205 24064 24576 1024000 256000 258304 768000 nodes 7189 cap 0.892599999999999998676
JOB 1485 PROVED
LEAF 204 24064 24576 1024000 256000 258304 768000 nodes 11139 cap 0.867314999999999998709
JOB 1484 PROVED
LEAF 176 24320 24576 1024000 256000 258304 768000 nodes 410237 cap 0.940199999999999998517
JOB 1456 PROVED
LEAF 206 24064 24576 1024000 256000 258304 768000 nodes 7777 cap 0.891654999999999998636
JOB 1486 PROVED
LEAF 207 24064 24576 1024000 256000 258304 768000 nodes 6467 cap 0.868004999999999998675
JOB 1487 PROVED
LEAF 198 24320 24576 1024000 256000 258304 768000 nodes 41361 cap 0.875199999999999998682
JOB 1478 PROVED
LEAF 211 24064 24576 1024000 256000 258304 768000 nodes 7123 cap 0.864809999999999998698
JOB 1491 PROVED
LEAF 210 24064 24576 1024000 256000 258304 768000 nodes 9919 cap 0.92923999999999999861
JOB 1490 PROVED
LEAF 212 24064 24576 1024000 256000 258304 768000 nodes 4545 cap 0.934644999999999998584
JOB 1492 PROVED
LEAF 213 24064 24576 1024000 256000 258304 768000 nodes 2839 cap 0.909359999999999998617
JOB 1493 PROVED
LEAF 214 24064 24576 1024000 256000 258304 768000 nodes 2571 cap 0.897809999999999998626
JOB 1494 PROVED
LEAF 216 24064 24576 1024000 256000 258304 768000 nodes 1447 cap 0.958239999999999998509
JOB 1496 PROVED
LEAF 217 24064 24576 1024000 256000 258304 768000 nodes 1007 cap 0.95367499999999999857
JOB 1497 PROVED
LEAF 218 24064 24576 1024000 256000 258304 768000 nodes 827 cap 0.949279999999999998643
JOB 1498 PROVED
LEAF 215 24064 24576 1024000 256000 258304 768000 nodes 2053 cap 0.905529999999999998654
JOB 1495 PROVED
LEAF 219 24064 24576 1024000 256000 258304 768000 nodes 509 cap 0.95144499999999999863
JOB 1499 PROVED
LEAF 221 24064 24576 1024000 256000 258304 768000 nodes 603 cap 0.956104999999999998601
JOB 1501 PROVED
LEAF 220 24064 24576 1024000 256000 258304 768000 nodes 765 cap 0.95224499999999999856
JOB 1500 PROVED
LEAF 222 24064 24576 1024000 256000 258304 768000 nodes 683 cap 0.951044999999999998611
JOB 1502 PROVED
LEAF 223 24064 24576 1024000 256000 258304 768000 nodes 497 cap 0.953839999999999998569
JOB 1503 PROVED
LEAF 208 24064 24576 1024000 256000 258304 768000 nodes 65247 cap 0.931854999999999998638
JOB 1488 PROVED
LEAF 209 24064 24576 1024000 256000 258304 768000 nodes 40361 cap 0.927334999999999998655
JOB 1489 PROVED
LEAF 226 24064 24576 1024000 256000 258304 768000 nodes 45431 cap 0.961754999999999998513
JOB 1506 PROVED
LEAF 228 24064 24576 1024000 256000 258304 768000 nodes 12687 cap 0.946534999999999998599
JOB 1508 PROVED
LEAF 229 24064 24576 1024000 256000 258304 768000 nodes 10511 cap 0.88008999999999999866
JOB 1509 PROVED
LEAF 230 24064 24576 1024000 256000 258304 768000 nodes 10287 cap 0.837664999999999998731
JOB 1510 PROVED
LEAF 231 24064 24576 1024000 256000 258304 768000 nodes 7595 cap 0.847824999999999998708
JOB 1511 PROVED
LEAF 232 24064 24576 1024000 256000 258304 768000 nodes 4447 cap 0.94709499999999999855
JOB 1512 PROVED
LEAF 233 24064 24576 1024000 256000 258304 768000 nodes 3437 cap 0.925974999999999998611
JOB 1513 PROVED
LEAF 227 24064 24576 1024000 256000 258304 768000 nodes 34255 cap 0.848914999999999998748
JOB 1507 PROVED
LEAF 234 24064 24576 1024000 256000 258304 768000 nodes 2907 cap 0.908329999999999998626
JOB 1514 PROVED
LEAF 236 24064 24576 1024000 256000 258304 768000 nodes 2977 cap 0.905279999999999998703
JOB 1516 PROVED
LEAF 235 24064 24576 1024000 256000 258304 768000 nodes 2053 cap 0.905529999999999998654
JOB 1515 PROVED
LEAF 237 24064 24576 1024000 256000 258304 768000 nodes 2241 cap 0.921479999999999998639
JOB 1517 PROVED
LEAF 239 24064 24576 1024000 256000 258304 768000 nodes 1965 cap 0.910154999999999998642
JOB 1519 PROVED
LEAF 238 24064 24576 1024000 256000 258304 768000 nodes 2367 cap 0.911789999999999998648
JOB 1518 PROVED
LEAF 240 24064 24576 1024000 256000 258304 768000 nodes 48705 cap 0.927619999999999998589
JOB 1520 PROVED
LEAF 242 24064 24576 1024000 256000 258304 768000 nodes 8571 cap 0.930704999999999998658
JOB 1522 PROVED
LEAF 243 24064 24576 1024000 256000 258304 768000 nodes 6467 cap 0.868004999999999998675
JOB 1523 PROVED
LEAF 244 24064 24576 1024000 256000 258304 768000 nodes 3961 cap 0.941099999999999998601
JOB 1524 PROVED
LEAF 241 24064 24576 1024000 256000 258304 768000 nodes 31817 cap 0.923599999999999998562
JOB 1521 PROVED
LEAF 245 24064 24576 1024000 256000 258304 768000 nodes 2691 cap 0.914884999999999998634
JOB 1525 PROVED
LEAF 247 24064 24576 1024000 256000 258304 768000 nodes 1965 cap 0.910154999999999998642
JOB 1527 PROVED
LEAF 246 24064 24576 1024000 256000 258304 768000 nodes 2423 cap 0.902034999999999998649
JOB 1526 PROVED
LEAF 248 24064 24576 1024000 256000 258304 768000 nodes 1321 cap 0.963399999999999998545
JOB 1528 PROVED
LEAF 250 24064 24576 1024000 256000 258304 768000 nodes 743 cap 0.951809999999999998557
JOB 1530 PROVED
LEAF 249 24064 24576 1024000 256000 258304 768000 nodes 925 cap 0.956969999999999998593
JOB 1529 PROVED
LEAF 251 24064 24576 1024000 256000 258304 768000 nodes 497 cap 0.953839999999999998569
JOB 1531 PROVED
LEAF 253 24064 24576 1024000 256000 258304 768000 nodes 583 cap 0.960464999999999998544
JOB 1533 PROVED
LEAF 254 24064 24576 1024000 256000 258304 768000 nodes 619 cap 0.95460499999999999857
JOB 1534 PROVED
LEAF 252 24064 24576 1024000 256000 258304 768000 nodes 713 cap 0.956304999999999998529
JOB 1532 PROVED
LEAF 255 24064 24576 1024000 256000 258304 768000 nodes 495 cap 0.957499999999999998574
JOB 1535 PROVED
LEAF 224 24064 24576 1024000 256000 258304 768000 nodes 312733 cap 0.989419999999999998542
JOB 1504 PROVED
LEAF 225 24064 24576 1024000 256000 258304 768000 nodes 260243 cap 0.983459999999999998522
JOB 1505 PROVED
SUMMARY jobs 1536 failed 0 leaves 1562 splits 26 nodes 97947085 seconds 478.65
